"2017-10-19 11:26:25",A32-2431/17(2.1.15-S3),Grigiškių,"KOMUNALINIŲ ATLIEKŲ IR ANTRINIŲ ŽALIAVŲ KONTEINERINIŲ AIKŠTELIŲ GRIGIŠKIŲ SENIŪNIJOJE PATIKRINIMO AKTAS","Files/Grigiškių/2017/10/19/47830794/konteinerių patikrinimo aktas.docx"
"2017-10-12 09:40:48",A32-2361/17(2.1.15-S3),Grigiškių,"KOMUNALINIŲ ATLIEKŲ IR ANTRINIŲ ŽALIAVŲ KONTEINERIŲ AIKŠTELIŲ GRIGIŠKIŲ SENIŪNIJOJE PATIKRINIMO AKTAS.","Files/Grigiškių/2017/10/12/47753331/konteinerių patikrinimo aktas 10,12.docx"
"2017-10-12 09:32:32",A32-2360/17(2.1.15-S3),Grigiškių,"TERITORIJOS PATIKRINIMO AKTAS","Files/Grigiškių/2017/10/12/47753182/Aktas patikrinimo 10-12.docx"
"2017-10-05 11:06:09",A32-2302/17(2.1.15-S3),Grigiškių,"KOMUNALINIŲ ATLIEKŲ IR ANTRINIŲ ŽALIAVŲ KONTEINERINIŲ AIKŠTELIŲ GRIGIŠKIŲ SANIŪNIJOJE PATIKRINIMO AKTAS","Files/Grigiškių/2017/10/05/47687508/konteinerių patikrinimo aktas 10,05.docx"
"2017-10-05 10:51:16",A32-2301/17(2.1.15-S3),Grigiškių,"TERITORIJOS  PATIKRIKRINIMO AKTAS","Files/Grigiškių/2017/10/05/47687150/Aktas patikrinimo 10-05.docx"
"2017-12-27 09:53:21",A32-3057/17(2.1.15-S4),Justiniškių,"JUSTINIŠKIŲ SENIŪNIJOS TERITORIJOS KONTEINERIŲ AIKŠTELIŲ 2017-12-27 D. PATIKRINIMO AKTAS.","Files/Justiniškių/2017/12/27/48531511/Justiniškių seniūnijos atliekų konteinerių aikštelių 2017-12-27 d. patikrinimo aktas..pdf"
"2017-12-21 07:58:02",A32-3030/17(2.1.15-S4),Justiniškių,"KOMUNALINIŲ ATLIEKŲ IR ANTRINIŲ ŽALIAVŲ KONTEINERIŲ AIKŠTELIŲ JUSTINIŠKIŲ SEN. PATIKRINIMO AKTAS 2017-12-21","Files/Justiniškių/2017/12/21/48498211/Konteinerių aikštelių patikrinimo aktas Nr. 4.pdf"
"2017-12-19 15:10:52",A32-2965/17(2.1.15-S4),Justiniškių,"VIRŠULIŠKIŲ IR JUSTINIŠKIŲ SENIŪNIJŲ TERITORIJŲ 2017.12.18-19 D. D. PATIKRINIMO AKTAS.","Files/Justiniškių/2017/12/19/48477264/Viršuliškių ir Justiniškių  seniūnijų teritorijų 2017.12. 18-19 d. d patikrinimo aktas..doc.pdf"
"2017-12-18 10:24:03",A32-2947/17(2.1.15-S4),Justiniškių,"VIRŠULIŠKIŲ  SENIŪNIJOS KONTEINERIŲ AIKŠTELIŲ BŪKLĖS 2017-12-15 D. PATIKRINIMO AKTAS.","Files/Justiniškių/2017/12/18/48455151/Viršuliškių seniūnijos konteinerių aikštelių 2017-12-15 d. patikrinimo aktas..pdf"
"2017-12-14 13:26:19",A32-2914/17(2.1.15-S4),Justiniškių,"TERITORIJOS PATIKRINIMO AKTAS 2017-12-14","Files/Justiniškių/2017/12/14/48426203/Teritorijos patikrinimo aktas Nr.1.pdf"
"2017-12-14 11:22:15",A32-2911/17(2.1.15-S4),Justiniškių,"KOMUNALINIŲ ATLIEKŲ IR ANTRINIŲ ŽALIAVŲ KONTEINERIŲ AIKŠTELIŲ JUSTINIŠKIŲ SEN. PATIKRINIMO AKTAS","Files/Justiniškių/2017/12/14/48423389/Konteinerių aikštelių patikrinimo aktas Nr. 4.pdf"
"2017-12-14 09:29:53",A32-2910/17(2.1.15-S4),Justiniškių,"VIRŠULIŠKIŲ SENIŪNIJOS TERITORIJOS 2017.12. 12-13 D. D. PATIKRINIMO AKTAS.","Files/Justiniškių/2017/12/14/48419874/Tujų g. 27 nesugriebti medžių lapai, nenurinktos šiukšlės. 20171213_114614.jpg"
"2017-12-11 11:25:42",A32-2886/17(2.1.15-S4),Justiniškių,"VIRŠULIŠKIŲ SENIŪNIJOS ATLIEKŲ KONTEINERIŲ AIKŠTELIŲ  2017.12. 7-8 D.D. PATIKRINIMO AKTAS.","Files/Justiniškių/2017/12/11/48372481/Viršuliškių seniūnijos atliekų konteinerių aikštelių 2017.12. 7-8 d. d. patikrinimo aktas..pdf"
"2017-12-07 15:26:18",A32-2856/17(2.1.15-S4),Justiniškių,"KOMUNALINIŲ ATLIEKŲ IR ANTRINIŲ ŽALIAVŲ KONTEINERIŲ AIKŠTELIŲ JUSTINIŠKIŲ SEN. PATIKRINIMO AKTAS 2017-12-07","Files/Justiniškių/2017/12/07/48344687/Konteinerių aikštelių patikrinimo aktas Nr. 4.pdf"
"2017-12-06 10:23:09",A32-2847/17(2.1.15-S4),Justiniškių,"VIRŠULIŠKIŲ SENIŪNIJOS TERITORIJOS 2017-12-6 D. PATIKRINIMO AKTAS.","Files/Justiniškių/2017/12/06/48319657/Viršuliškių seniūnijos 2017-12-6 d. teritorijos patikrinimo aktas..pdf"
"2017-12-04 15:55:37",A32-2833/17(2.1.15-S4),Justiniškių,"VIRŠULIŠKIŲ SENIŪNIJOS TERITORIJOS 2017-12-4 D. PATIKRINIMO AKTAS.","Files/Justiniškių/2017/12/04/48298298/Viršuliškių seniūnijos teritorijos 2017-12-4 d. patikrinimo aktas..pdf"
"2017-11-30 16:00:39",A32-2804/17(2.1.15-S4),Justiniškių,"KOMUNALINIŲ ATLIEKŲ IR ANTRINIŲ ŽALIAVŲ KONTEINERIŲ AIKŠTELIŲ JUSTINIŠKIŲ SEN. PATIKRINIMO AKTAS 2017-11-30","Files/Justiniškių/2017/11/30/48266201/Konteinerių aikštelių patikrinimo aktas Nr. 4.pdf"
"2017-11-29 09:51:23",A32-2786/17(2.1.15-S4),Justiniškių,"METALINĖS SENO TIPO VAIKŲ ŽAIDIMO AIKŠTELĖS","Files/Justiniškių/2017/11/29/48242181/Seno tipo vaikų žaidimo aikštelės.pdf"
"2017-11-28 13:50:52",A32-2774/17(2.1.15-S4),Justiniškių,"DĖL SENŲ LAUKINIŲ OBELŲ (NULŪŽUSIŲ, NUVIRTUSIŲ) NUPJOVIMO, ADRESU VIRŠULIŠKIŲ G. 69","Files/Justiniškių/2017/11/28/48231893/Viršuliškių g. 69 reikalinga nupjauti obelis. (1N) 20171128_104013.jpg"
"2017-11-24 13:58:11",A32-2746/17(2.1.15-S4),Justiniškių,"VIRŠULIŠKIŲ SENIŪNIJOS TERITORIJOS 2017-11-24 D. PATIKRINIMO AKTAS.","Files/Justiniškių/2017/11/24/48200190/Viršuliškių seniūnijos teritorijos 2017.11. 24 d patikrinimo aktas..doc"
"2017-11-24 12:27:49",A32-2738/17(2.1.15-S4),Justiniškių,"VIRŠULIŠKIŲ SENIŪNIJOS KONTEINERIŲ AIKŠTELIŲ 2017.11. 21-23 D. D. PATIKRINIMO AKTAS.","Files/Justiniškių/2017/11/24/48198514/Viršuliškių seniūnijos atliekų konteinerių 2017.11. 24 d.   patikrinimo aktas.docx"
"2017-11-24 09:27:20",A32-2734/17(2.1.15-S4),Justiniškių,"TERITORIJOS PATIKRINIMO AKTAS 2017-11-23","Files/Justiniškių/2017/11/24/48194810/Teritorijos patikrinimo aktas Nr.1.pdf"
"2017-11-23 15:56:43",A32-2729/17(2.1.15-S4),Justiniškių,"KOMUNALINIŲ ATLIEKŲ IR ANTRINIŲ ŽALIAVŲ KONTEINERIŲ AIKŠTELIŲ JUSTINIŠKIŲ SEN. PATIKRINIMO AKTAS 2017-11-23","Files/Justiniškių/2017/11/23/48190157/Konteinerių aikštelių patikrinimo aktas Nr. 4.pdf"
"2017-11-16 15:38:17",A32-2674/17(2.1.15-S4),Justiniškių,"TERITORIJOS PATIKRINIMO AKTAS 2017-11-16","Files/Justiniškių/2017/11/16/48113545/Teritorijos patikrinimo aktas Nr.1.pdf"
"2017-11-16 15:25:12",A32-2673/17(2.1.15-S4),Justiniškių,"VIRŠULIŠKIŲ SENIŪNIJOS KONTEINERIŲ AIKŠTELIŲ 2017-11-15 D. PATIKRINIMO AKTAS.","Files/Justiniškių/2017/11/16/48113272/Viršuliškių seniūnijos konteinerių aikštelių 2017-11-16 d. patikrinimo aktas.pdf"
"2017-11-16 08:29:34",A32-2660/17(2.1.15-S4),Justiniškių,"KOMUNALINIŲ ATLIEKŲ IR ANTRINIŲ ŽALIAVŲ KONTEINERIŲ AIKŠTELIŲ JUSTINIŠKIŲ SEN. PATIKRINIMO AKTAS 2017.07.12","Files/Justiniškių/2017/11/16/48103301/Konteinerių aikštelių patikrinimo aktas Nr. 4.pdf"
"2017-11-15 16:59:53",A32-2657/17(2.1.15-S4),Justiniškių,"VIRŠULIŠKIŲ SENIŪNIJOS TERITORIJOS 2017-11-15 D. PATIKRINIMO AKTAS.","Files/Justiniškių/2017/11/15/48101199/Viršuliškių seniūnijos teritorijos 2017-11-15 d. patikrinimo aktas..pdf"
"2017-11-10 08:26:06",A32-2604/17(2.1.15-S4),Justiniškių,"TERITORIJOS PATIKRINIMO AKTAS","Files/Justiniškių/2017/11/10/48042842/Teritorijos patikrinimo aktas Nr.1.pdf"
"2017-11-09 14:28:14",A32-2599/17(2.1.15-S4),Justiniškių,"VIRŠULIŠKIŲ SENIŪNIJOS TERITORIJOS 2017.11.7-8 D. D. PATIKRINIMO AKTAS.","Files/Justiniškių/2017/11/09/48036956/Viršuliškių seniūnijos teritorijos 2017-11-9 d. patikrinimo aktas..pdf"
"2017-11-09 10:18:45",A32-2592/17(2.1.15-S4),Justiniškių,"KOMUNALINIŲ ATLIEKŲ IR ANTRINIŲ ŽALIAVŲ KONTEINERIŲ AIKŠTELIŲ JUSTINIŠKIŲ SEN. PATIKRINIMO AKTAS 2017-11-09","Files/Justiniškių/2017/11/09/48031417/Konteinerių aikštelių patikrinimo aktas Nr. 4.pdf"
"2017-11-08 17:04:48",A32-2589/17(2.1.15-S4),Justiniškių,"VIRŠULIŠKIŲ SENIŪNIJOS KONTEINERIŲ AIKŠTELIŲ 2017-11-08 D. PATIKRINIMO AKTAS.","Files/Justiniškių/2017/11/08/48026225/Viršuliškių seniūnijos atliekų konteinerių 2017-11-08 d. patikrinimo  aktas.docx.pdf"
"2017-11-08 07:59:44",A32-2578/17(2.1.15-S4),Justiniškių,"DEFEKTINIS AKTAS 2017.11.08","Files/Justiniškių/2017/11/08/48015238/Defektinis aktas Nr. 2.pdf"
"2017-11-07 13:22:17",A32-2573/17(2.1.15-S4),Justiniškių,"VIRŠULIŠKIŲ SENIŪNIJOS TERITORIJOS 2017-11-07 DEFEKTINIS AKTAS.","Files/Justiniškių/2017/11/07/48008361/Viršuliškių g. 10 UAB Ecoservice k. a. 20171107.jpg"
"2017-11-06 15:30:24",A32-2566/17(2.1.15-S4),Justiniškių,"VIRŠULIŠKIŲ SENIŪNIJOS TERITORIJOS 2017-11-02 D. PATIKRINIMO AKTAS","Files/Justiniškių/2017/11/06/47997959/Viršuliškių seniūnijos teritorijos 2017-11-02 d. patikrinimo aktas..pdf"
"2017-11-03 14:14:28",A32-2555/17(2.1.15-S4),Justiniškių,"VIRŠULIŠKIŲ SENIŪNIJOS KONTEINERIŲ AIKŠTELIŲ 2017-11-02 D. PATIKRINIMO AKTAS.","Files/Justiniškių/2017/11/03/47980819/Viršuliškių seniūnijos atliekų konteinerių 2017-11-02 d. patikrinimo aktas..pdf"
"2017-11-02 16:02:56",A32-2533/17(2.1.15-S4),Justiniškių,"KOMUNALINIŲ ATLIEKŲ IR ANTRINIŲ ŽALIAVŲ KONTEINERIŲ AIKŠTELIŲ JUSTINIŠKIŲ SEN. PATIKRINIMO AKTAS 2017-11-02","Files/Justiniškių/2017/11/02/47969496/Konteinerių aikštelių patikrinimo aktas Nr. 4.pdf"
"2017-10-27 13:37:40",A32-2499/17(2.1.15-S4),Justiniškių,"VIRŠULIŠKIŲ SENIŪNIJOS KONTEINERIŲ AIKŠTELIŲ 2017.10. 25-26 D. D. PATIKRINIMO AKTAS.","Files/Justiniškių/2017/10/27/47918840/Viršuliškių seniūnijos konteinerių aikštelių 2017.10.25-26 d. d. patikrinimo aktas.pdf"
"2017-10-27 11:34:19",A32-2495/17(2.1.15-S4),Justiniškių,"VIRŠULIŠKIŲ SENIŪNIJOS TERITORIJOS 2017.10. 25-26 D. D. PATIKRINIMO AKTAS","Files/Justiniškių/2017/10/27/47916528/Viršuliškių seniūnijos teritorijos 2017.10. 25-26 d. d. patikrinimo aktas..pdf"
"2017-10-27 09:14:16",A32-2489/17(2.1.15-S4),Justiniškių,"TERITORIJOS PATIKRINIMO AKTAS 2017-10-26","Files/Justiniškių/2017/10/27/47912444/Teritorijos patikrinimo aktas Nr.1.pdf"
"2017-10-27 08:14:11",A32-2484/17(2.1.15-S4),Justiniškių,"KOMUNALINIŲ ATLIEKŲ IR ANTRINIŲ ŽALIAVŲ KONTEINERIŲ AIKŠTELIŲ JUSTINIŠKIŲ SEN. PATIKRINIMO AKTAS 2017-10-27","Files/Justiniškių/2017/10/27/47911212/Konteinerių aikštelių patikrinimo aktas Nr. 4.pdf"
"2017-10-20 14:13:12",A32-2453/17(2.1.15-S4),Justiniškių,"VIRŠULIŠKIŲ SENIŪNIJOS TERITORIJOS 2017-10-17 D. PATIKRINIMO AKTAS","Files/Justiniškių/2017/10/20/47846703/Viršuliškių seniūnijos teritorijos 2017-10-17 d. patikrinimo aktas..pdf"
"2017-10-20 13:01:02",A32-2443/17(2.1.15-S4),Justiniškių,"VIRŠULIŠKIŲ SENIŪNIJOS ATLIEKŲ KONTEINERIŲ 2017-10-17 D. PATIKRINIMO AKTAS.","Files/Justiniškių/2017/10/20/47844427/Viršuliškių seniūnijos atliekų konteinerių 2017-10-17 d. patikrinimo aktas..pdf"
"2017-10-19 14:02:55",A32-2436/17(2.1.15-S4),Justiniškių,"KOMUNALINIŲ ATLIEKŲ IR ANTRINIŲ ŽALIAVŲ KONTEINERIŲ AIKŠTELIŲ JUSTINIŠKIŲ SEN.
PATIKRINIMO AKTAS 2017-10-19","Files/Justiniškių/2017/10/19/47833407/Konteinerių aikštelių patikrinimo aktas Nr. 4.pdf"
"2017-10-13 13:44:32",A32-2384/17(2.1.15-S4),Justiniškių,"VIRŠULIŠKIŲ SENIŪNIJOS KONTEINERIŲ AIKŠTELIŲ 2017-10-12 D. PATIKROS AKTAS.","Files/Justiniškių/2017/10/13/47772070/Viršuliškių seniūnijos konteinerių aikštelių 2017-10-12 d. patikros aktas.pdf"
"2017-10-12 14:38:26",A32-2369/17(2.1.15-S4),Justiniškių,"KOMUNALINIŲ ATLIEKŲ IR ANTRINIŲ ŽALIAVŲ KONTEINERIŲ AIKŠTELIŲ JUSTINIŠKIŲ SEN. PATIKRINIMO AKTAS 2017.10.12","Files/Justiniškių/2017/10/12/47760144/Konteinerių aikštelių patikrinimo aktas Nr. 4.pdf"
"2017-10-12 13:58:02",A32-2367/17(2.1.15-S4),Justiniškių,"VIRŠULIŠKIŲ SENIŪNIJOS TERITORIJOS 2017-10-12 D. PATIKRINIMO AKTAS.","Files/Justiniškių/2017/10/12/47759055/Viršuliškių seniūnijos teritorijos 2017-10-12 d. patikrinimo aktas..pdf"
"2017-10-06 15:39:00",A32-2329/17(2.1.15-S4),Justiniškių,"VIRŠULIŠKIŲ SENIŪNIJOS KONTEINERIŲ AIKŠTELIŲ 2017-10-06 PATIKRINIMO AKTAS.","Files/Justiniškių/2017/10/06/47707483/Viršuliškių seniūnijos konteinerių pastatymo aikšteliš 2017-10-06 d. patikrinimo aktas..pdf"
"2017-10-06 14:39:56",A32-2322/17(2.1.15-S4),Justiniškių,"VIRŠULIŠKIŲ SENIŪNIJOS TERITORIJOS 2017-10-06 D. PATIKRINIMO AKTAS.","Files/Justiniškių/2017/10/06/47705959/Viršuliškių seniūnijos teritorijos 2017-10-06 d. patikrinimo aktas.pdf"
"2017-10-05 14:06:57",A32-2303/17(2.1.15-S4),Justiniškių,"KOMUNALINIŲ ATLIEKŲ IR ANTRINIŲ ŽALIAVŲ KONTEINERIŲ AIKŠTELIŲ JUSTINIŠKIŲ SEN. PATIKRINIMO AKTAS 2017-10-05","Files/Justiniškių/2017/10/05/47691302/Konteinerių aikštelių patikrinimo aktas Nr. 4.pdf"
"2017-10-04 12:56:17",A32-2295/17(2.1.15-S4),Justiniškių,"DĖL SENŲ VAIKŲ ŽAIDIMŲ AIKŠTELIŲ ĮRANGOS DEMONTAVIMO","Files/Justiniškių/2017/10/04/47591000/Viršuliškių seniūnijos teritorijoje  esamų senų suoliukų remontuotinų,demontuotinų  sąrašas 2017 m..docx"
"2017-12-12 14:21:32",A32-2893/17(2.1.15-S6),Lazdynų,"TERITORIJOS PATIKRINIMO AKTAS 2017-12-12","Files/Lazdynų/2017/12/12/48393908/Teritorijos+patikrinimo+aktas 2017-12-12.docx"
"2017-12-11 14:13:14",A32-2888/17(2.1.15-S6),Lazdynų,"KOMUNALINIŲ ATLIEKŲ IR ANTRINIŲ ŽALIAVŲ KONTEINERIŲ AIKŠTELIŲ   PATIKRINIMO AKTAS 2017-12-11","Files/Lazdynų/2017/12/11/48376719/2017-12-11 Atliekų PATIKR aktas.docx"
"2017-12-06 12:53:42",A32-2849/17(2.1.15-S6),Lazdynų,"TERITORIJOS PATIKRINIMO AKTAS","Files/Lazdynų/2017/12/06/48323565/Teritorijos+patikrinimo+aktas 2017-12-06.docx"
"2017-12-04 14:20:34",A32-2831/17(2.1.15-S6),Lazdynų,"KOMUNALINIŲ ATLIEKŲ IR ANTRINIŲ ŽALIAVŲ KONTEINERIŲ AIKŠTELIŲ  PATIKRINIMO AKTAS 2017-12-04","Files/Lazdynų/2017/12/04/48295401/2017-12-04 Atliekų PATIKR aktas.docx"
"2017-11-30 14:49:10",A32-2800/17(2.1.15-S6),Lazdynų,"KOMUNALINIŲ ATLIEKŲ IR ANTRINIŲ ŽALIAVŲ KONTEINERIŲ AIKŠTELIŲ   PATIKRINIMO AKTAS 2017-11-30","Files/Lazdynų/2017/11/30/48263797/2017-11-30 Atliekų PATIKR aktas.docx"
"2017-11-29 15:07:32",A32-2791/17(2.1.15-S6),Lazdynų,"TERITORIJOS PATIKRINIMO AKTAS 2017-11-29","Files/Lazdynų/2017/11/29/48249933/Teritorijos+patikrinimo+aktas 2017-11-29.docx"
"2017-11-23 13:52:28",A32-2728/17(2.1.15-S6),Lazdynų,"TERITORIJOS PATIKRINIMO AKTAS 2017-11-23","Files/Lazdynų/2017/11/23/48185717/Teritorijos+patikrinimo+aktas 2017-11-23.docx"
"2017-11-21 15:48:44",A32-2713/17(2.1.15-S6),Lazdynų,"KOMUNALINIŲ ATLIEKŲ IR ANTRINIŲ ŽALIAVŲ KONTEINERIŲ AIKŠTELIŲ  PATIKRINIMO AKTAS 2017-11-21","Files/Lazdynų/2017/11/21/48159681/2017-11-21 Atliekų PATIKR aktas.docx"
"2017-11-15 14:09:31",A32-2651/17(2.1.15-S6),Lazdynų,"TERITORIJOS PATIKRINIMO AKTAS 2017-11-15","Files/Lazdynų/2017/11/15/48096838/Teritorijos+patikrinimo+aktas 2017-11-15.docx"
"2017-11-14 14:40:18",A32-2640/17(2.1.15-S6),Lazdynų,"KOMUNALINIŲ ATLIEKŲ IR ANTRINIŲ ŽALIAVŲ KONTEINERIŲ AIKŠTELIŲ   PATIKRINIMO AKTAS 2017-11-14","Files/Lazdynų/2017/11/14/48081900/2017-11-14 Atliekų PATIKR aktas.docx"
"2017-11-08 15:20:31",A32-2587/17(2.1.15-S6),Lazdynų,"KOMUNALINIŲ ATLIEKŲ IR ANTRINIŲ ŽALIAVŲ KONTEINERIŲ AIKŠTELIŲ  PATIKRINIMO AKTAS 2017-11-07","Files/Lazdynų/2017/11/08/48024249/2017-11-07 nuotr..docx"
"2017-11-08 15:13:26",A32-2586/17(2.1.15-S6),Lazdynų,"TERITORIJOS PATIKRINIMO AKTAS 2017-11-08","Files/Lazdynų/2017/11/08/48024118/Teritorijos+patikrinimo+aktas 2017-11-08.docx"
"2017-11-02 14:59:03",A32-2530/17(2.1.15-S6),Lazdynų,"KOMUNALINIŲ ATLIEKŲ IR ANTRINIŲ ŽALIAVŲ KONTEINERIŲ AIKŠTELIŲ PATIKRINIMO AKTAS 2017-011-02","Files/Lazdynų/2017/11/02/47967866/2017-11-02 Atliekų PATIKR aktas.docx"
"2017-11-02 14:02:09",A32-2529/17(2.1.15-S6),Lazdynų,"TERITORIJOS PATIKRINIMO AKTAS 2017-11-02","Files/Lazdynų/2017/11/02/47966361/Teritorijos+patikrinimo+aktas 2017-11-02.docx"
"2017-10-26 09:10:46",A32-2472/17(2.1.15-S6),Lazdynų,"KOMUNALINIŲ ATLIEKŲ IR ANTRINIŲ ŽALIAVŲ KONTEINERIŲ AIKŠTELIŲ PATIKRINIMO AKTAS 2017-10-25","Files/Lazdynų/2017/10/26/47897660/2017-10-25 Atliekų PATIKR aktas.docx"
"2017-10-19 13:56:12",A32-2433/17(2.1.15-S6),Lazdynų,"TERITORIJOS PATIKRINIMO AKTAS 2017-10-19","Files/Lazdynų/2017/10/19/47833002/Teritorijos+patikrinimo+aktas 2017-10-19.docx"
"2017-10-19 08:26:59",A32-2424/17(2.1.15-S6),Lazdynų,"KOMUNALINIŲ ATLIEKŲ IR ANTRINIŲ ŽALIAVŲ KONTEINERIŲ AIKŠTELIŲ PATIKRINIMO AKTAS 2017-10-18","Files/Lazdynų/2017/10/19/47826423/2017-10-18 Atliekų PATIKR aktas.docx"
"2017-10-12 12:53:55",A32-2363/17(2.1.15-S6),Lazdynų,"TERITORIJOS PATIKRINIMO AKTAS 2017-10-11","Files/Lazdynų/2017/10/12/47757510/Teritorijos+patikrinimo+aktas 2017-10-11.docx"
"2017-10-11 15:03:54",A32-2354/17(2.1.15-S6),Lazdynų,"KOMUNALINIŲ ATLIEKŲ IR ANTRINIŲ ŽALIAVŲ KONTEINERIŲ AIKŠTELIŲ PATIKRINIMO AKTAS 2017-10-11","Files/Lazdynų/2017/10/11/47746918/2017-10-11 Atliekų PATIKR aktas.docx"
"2017-10-04 13:13:51",A32-2296/17(2.1.15-S6),Lazdynų,"TERITORIJOS PATIKRINIMO AKTAS 2017-10-04","Files/Lazdynų/2017/10/04/47676036/Teritorijos+patikrinimo+aktas 2017-10-04.docx"
"2017-10-03 13:09:20",A32-2285/17(2.1.15-S6),Lazdynų,"KOMUNALINIŲ ATLIEKŲ IR ANTRINIŲ ŽALIAVŲ KONTEINERIŲ AIKŠTELIŲ PATIKRINIMO AKTAS 2017-10-02","Files/Lazdynų/2017/10/03/47661441/2017-10-02 Atliekų PATIKR aktas.docx"
"2017-12-21 10:23:33",A32-3034/17(2.1.15-S7),Naujamiesčio,"KOMUNALINIŲ ATLIEKŲ IR ANTRINIŲ ŽALIAVŲ KONTEINERIŲ AIKŠTELIŲ NAUJAMIESČIO SENIŪNIJOJE PATIKRINIMO AKTAS","Files/Naujamiesčio/2017/12/21/48501800/KOMUNALINIŲ ATLIEKŲ IR ANTRINIŲ ŽALIAVŲ KONTEINERIŲ AIKŠTELIŲ PATIKRINIMO AKTAS 2017.12.21.docx"
"2017-12-19 13:09:41",A32-2957/17(2.1.15-S7),Naujamiesčio,"TERITORIJOS PATIKRINIMO AKTAS 
2017 m. gruodžio 18 d.","Files/Naujamiesčio/2017/12/19/48474220/Teritorijos patikrinimo aktas 2017-12-19.docx"
"2017-12-21 08:27:38",A121-29005/17(2.1.15-S7),Naujamiesčio,"DĖL NAUJAMIESČIO SENIŪNIJOS TERITORIJOJE ESANČIŲ PROBLEMŲ","Files/Naujamiesčio/2017/12/21/48456937/elektroninis pranešimas tarnybinės veiklos klausimais.docx"
"2017-12-13 11:21:24",A32-2901/17(2.1.15-S7),Naujamiesčio,"KOMUNALINIŲ ATLIEKŲ IR ANTRINIŲ ŽALIAVŲ KONTEINERIŲ AIKŠTELIŲ NAUJAMIESČIO SENIŪNIJOJE PATIKRINIMO AKTAS","Files/Naujamiesčio/2017/12/13/48405212/KOMUNALINIŲ ATLIEKŲ IR ANTRINIŲ ŽALIAVŲ KONTEINERIŲ AIKŠTELIŲ PATIKRINIMO AKTAS 2017.12.13.docx"
"2017-12-12 08:23:30",A32-2890/17(2.1.15-S7),Naujamiesčio,"TERITORIJOS PATIKRINIMO AKTAS NAUJAMIESČIO SEN.","Files/Naujamiesčio/2017/12/12/48384148/Teritorijos patikrinimo aktas 2017-12-12 (lapų aktas).docx"
"2017-12-08 10:21:07",A32-2862/17(2.1.15-S7),Naujamiesčio,"TERITORIJOS PATIKRINIMO AKTAS NAUJAMIESČIO SEN.","Files/Naujamiesčio/2017/12/08/48352532/Teritorijos patikrinimo aktas 2017-12-08.docx"
"2017-12-08 09:51:51",A32-2861/17(2.1.15-S7),Naujamiesčio,"KOMUNALINIŲ ATLIEKŲ IR ANTRINIŲ ŽALIAVŲ KONTEINERIŲ AIKŠTELIŲ NAUJAMIESČIO SENIŪNIJOJE PATIKRINIMO AKTAS","Files/Naujamiesčio/2017/12/08/48351550/KOMUNALINIŲ ATLIEKŲ IR ANTRINIŲ ŽALIAVŲ KONTEINERIŲ AIKŠTELIŲ PATIKRINIMO AKTAS 2017.12.08.docx"
"2017-12-06 11:56:52",A32-2848/17(2.1.15-S7),Naujamiesčio,"DĖL PREKYBOS VIETŲ PATIKRINIMO","Files/Naujamiesčio/2017/12/06/48322545/PATIKRINIMO AKTAS, 2017-12-06.doc"
"2017-12-01 13:14:41",A32-2813/17(2.1.15-S7),Naujamiesčio,"KOMUNALINIŲ ATLIEKŲ IR ANTRINIŲ ŽALIAVŲ KONTEINERIŲ AIKŠTELIŲ NAUJAMIESČIO SENIŪNIJOJE PATIKRINIMO AKTAS","Files/Naujamiesčio/2017/12/01/48276490/KOMUNALINIŲ ATLIEKŲ IR ANTRINIŲ ŽALIAVŲ KONTEINERIŲ AIKŠTELIŲ PATIKRINIMO AKTAS 2017.12.01.docx"
"2017-12-01 11:16:41",A32-2810/17(2.1.15-S7),Naujamiesčio,"TERITORIJOS PATIKRINIMO AKTAS 2017-12-01","Files/Naujamiesčio/2017/12/01/48274141/Teritorijos patikrinimo aktas 2017-12-01.docx"
"2017-11-29 14:53:29",A121-26880/17(2.1.15-S7),Naujamiesčio,"DĖL APLINKOS TARŠOS MINDAUGO IR ŠALTINIŲ G. SANKIRTOJE","Files/Naujamiesčio/2017/11/29/48249502/elektroninis pranešimas tarnybinės veiklos klausimais.docx"
"2017-11-24 10:28:22",A32-2736/17(2.1.15-S7),Naujamiesčio,"KOMUNALINIŲ ATLIEKŲ IR ANTRINIŲ ŽALIAVŲ KONTEINERIŲ AIKŠTELIŲ NAUJAMIESČIO SENIŪNIJOJE PATIKRINIMO AKTAS","Files/Naujamiesčio/2017/11/24/48196265/KOMUNALINIŲ ATLIEKŲ IR ANTRINIŲ ŽALIAVŲ KONTEINERIŲ AIKŠTELIŲ PATIKRINIMO AKTAS 2017.11.24.docx"
"2017-11-24 09:48:41",A32-2735/17(2.1.15-S7),Naujamiesčio,"TERITORIJOS PATIKRINIMO AKTAS NAUJAMIESČIO SEN.","Files/Naujamiesčio/2017/11/24/48195277/Teritorijos patikrinimo aktas 2017-11-24.docx"
"2017-11-17 13:54:42",A32-2687/17(2.1.15-S7),Naujamiesčio,"KOMUNALINIŲ ATLIEKŲ IR ANTRINIŲ ŽALIAVŲ KONTEINERIŲ AIKŠTELIŲ NAUJAMIESČIO SENIŪNIJOJE PATIKRINIMO AKTAS","Files/Naujamiesčio/2017/11/17/48125424/KOMUNALINIŲ ATLIEKŲ IR ANTRINIŲ ŽALIAVŲ KONTEINERIŲ AIKŠTELIŲ PATIKRINIMO AKTAS 2017.11.17.docx"
"2017-11-17 13:04:20",A32-2680/17(2.1.15-S7),Naujamiesčio,"TERITORIJOS PATIKRINIMO AKTAS","Files/Naujamiesčio/2017/11/17/48124118/Teritorijos patikrinimo aktas 2017-11-17.docx"
"2017-11-10 12:41:04",A32-2608/17(2.1.15-S7),Naujamiesčio,"KOMUNALINIŲ ATLIEKŲ IR ANTRINIŲ ŽALIAVŲ KONTEINERIŲ AIKŠTELIŲ NAUJAMIESČIO SENIŪNIJOJE PATIKRINIMO AKTAS","Files/Naujamiesčio/2017/11/10/48048182/KOMUNALINIŲ ATLIEKŲ IR ANTRINIŲ ŽALIAVŲ KONTEINERIŲ AIKŠTELIŲ PATIKRINIMO AKTAS 2017.11.10.docx"
"2017-11-09 12:19:57",A32-2595/17(2.1.15-S7),Naujamiesčio,"TERITORIJOS PATIKRINIMO AKTAS NAUJAMIESČIO SENIŪNIJA","Files/Naujamiesčio/2017/11/09/48033825/Teritorijos patikrinimo aktas 2017-11-09.docx"
"2017-11-03 12:33:31",A32-2543/17(2.1.15-S7),Naujamiesčio,"TERITORIJOS PATIKRINIMO AKTAS NAUJAMIESČIO SENIŪNIJOJE","Files/Naujamiesčio/2017/11/03/47978389/Teritorijos patikrinimo aktas 2017.11.03.docx"
"2017-11-03 12:03:27",A32-2542/17(2.1.15-S7),Naujamiesčio,"KOMUNALINIŲ ATLIEKŲ IR ANTRINIŲ ŽALIAVŲ KONTEINERIŲ AIKŠTELIŲ NAUJAMIESČIO SENIŪNIJOJE PATIKRINIMO AKTAS","Files/Naujamiesčio/2017/11/03/47978171/KOMUNALINIŲ ATLIEKŲ IR ANTRINIŲ ŽALIAVŲ KONTEINERIŲ AIKŠTELIŲ PATIKRINIMO AKTAS 2017.11.03.docx"
"2017-10-27 09:09:24",A32-2487/17(2.1.15-S7),Naujamiesčio,"KOMUNALINIŲ ATLIEKŲ IR ANTRINIŲ ŽALIAVŲ KONTEINERIŲ AIKŠTELIŲ NAUJAMIESČIO SENIŪNIJOJE PATIKRINIMO AKTAS","Files/Naujamiesčio/2017/10/27/47912352/KOMUNALINIŲ ATLIEKŲ IR ANTRINIŲ ŽALIAVŲ KONTEINERIŲ AIKŠTELIŲ PATIKRINIMO AKTAS 2017.10.26.docx"
"2017-10-27 08:38:17",A32-2485/17(2.1.15-S7),Naujamiesčio,"TERITORIJOS PATIKRINIMO AKTAS NAUJAMIESČIO SENIŪNIJOJE","Files/Naujamiesčio/2017/10/27/47911722/Teritorijos patikrinimo aktas 2017.10.26.docx"
"2017-10-20 12:30:38",A32-2442/17(2.1.15-S7),Naujamiesčio,"KOMUNALINIŲ ATLIEKŲ IR ANTRINIŲ ŽALIAVŲ KONTEINERIŲ AIKŠTELIŲ NAUJAMIESČIO SENIŪNIJOJE PATIKRINIMO AKTAS 2017-10-20","Files/Naujamiesčio/2017/10/20/47843952/Teritorijos patikrinimo aktas 2017.10.20.docx"
"2017-10-20 11:12:28",A32-2441/17(2.1.15-S7),Naujamiesčio,"TERITORIJOS PATIKRINIMO AKTAS NAUJAMIESČIO SENIŪNIJA","Files/Naujamiesčio/2017/10/20/47842592/Teritorijos patikrinimo aktas 2017.10.20.docx"
"2017-10-19 10:17:47",A121-23370/17(2.1.15-S7),Naujamiesčio,"DĖL MEDŽIŲ IR JŲ DALIŲ APGENĖJIMO ALGIRDO GATVĖ NR. 13","Files/Naujamiesčio/2017/10/19/47828976/elektroninis pranešimas tarnybinės veiklos klausimais.docx"
"2017-10-18 09:28:29",A121-23217/17(2.1.15-S7),Naujamiesčio,"DĖL MEDŽIŲ IR JŲ DALIŲ APGENĖJIMO","Files/Naujamiesčio/2017/10/18/47813115/elektroninis pranešimas tarnybinės veiklos klausimais.docx"
"2017-10-16 11:55:39",A32-2399/17(2.1.15-S7),Naujamiesčio,"KOMUNALINIŲ ATLIEKŲ IR ANTRINIŲ ŽALIAVŲ KONTEINERIŲ AIKŠTELIŲ NAUJAMIESČIO SENIŪNIJOJE PATIKRINIMO AKTAS 2017-10-16","Files/Naujamiesčio/2017/10/16/47785082/Teritorijos patikrinimo aktas 2017.10.16.docx"
"2017-10-16 11:24:07",A32-2395/17(2.1.15-S7),Naujamiesčio,"TERITORIJOS PATIKRINIMO AKTAS NAUJAMIESČIO SENIŪNIJA 2017-10-16","Files/Naujamiesčio/2017/10/16/47784578/Teritorijos patikrinimo aktas 2017.10.16.docx"
"2017-10-13 10:06:42",A32-2378/17(2.1.15-S7),Naujamiesčio,"KOMUNALINIŲ ATLIEKŲ IR ANTRINIŲ ŽALIAVŲ KONTEINERIŲ AIKŠTELIŲ NAUJAMIESČIO SENIŪNIJOJE PATIKRINIMO AKTAS","Files/Naujamiesčio/2017/10/13/47767548/KOMUNALINIŲ ATLIEKŲ IR ANTRINIŲ ŽALIAVŲ KONTEINERIŲ AIKŠTELIŲ PATIKRINIMO AKTAS 2017.10.13.docx"
"2017-10-10 11:53:05",A121-22502/17(2.1.15-S7),Naujamiesčio,"DĖL MEDŽIŲ ŠAKŲ APGENĖJIMO ŠVITRIGAILOS G. NR. 10","Files/Naujamiesčio/2017/10/10/47729616/elektroninis pranešimas tarnybinės veiklos klausimais.docx"
"2017-10-05 14:50:22",A32-2307/17(2.1.15-S7),Naujamiesčio,"KOMUNALINIŲ ATLIEKŲ IR ANTRINIŲ ŽALIAVŲ KONTEINERIŲ AIKŠTELIŲ NAUJAMIESČIO SENIŪNIJOJE PATIKRINIMO AKTAS 2017 10 05","Files/Naujamiesčio/2017/10/05/47692423/KOMUNALINIŲ ATLIEKŲ IR ANTRINIŲ ŽALIAVŲ KONTEINERIŲ AIKŠTELIŲ PATIKRINIMO AKTAS 2017.10.05.docx"
"2017-10-05 14:25:39",A32-2305/17(2.1.15-S7),Naujamiesčio,"TERITORIJOS PATIKRINIMO AKTAS NAUJAMIESČIO SEN. 2017 10 05","Files/Naujamiesčio/2017/10/05/47691733/Teritorijos patikrinimo aktas 2017.10.05.docx"
"2017-12-29 13:03:27",A32-3128/17(2.1.15-S8),Naujininkų,"DEFEKTINIS AKTAS","Files/Naujininkų/2017/12/29/48561925/Defektinis aktas.pdf"
"2017-12-27 12:55:20",A32-3074/17(2.1.15-S8),Naujininkų,"TERITORIJOS PATIKRINIMO AKTAS","Files/Naujininkų/2017/12/27/48535658/Terit. aktas.pdf"
"2017-12-22 14:53:29",A32-3051/17(2.1.15-S8),Naujininkų,"KOMUNALINIŲ ATLIEKŲ IR ANTRINIŲ ŽALIAVŲ KONTEINERIŲ AIKŠTELIŲ PATIKRINIMO AKTAS","Files/Naujininkų/2017/12/22/48523018/Konteinerių pat. aktas.pdf"
"2017-12-15 14:13:28",A32-2936/17(2.1.15-S8),Naujininkų,"TERITORIJOS PATIKRINIMO AKTAS","Files/Naujininkų/2017/12/15/48444069/Teritorijos pat. aktas.pdf"
"2017-12-15 14:09:03",A32-2935/17(2.1.15-S8),Naujininkų,"KOMUNALINIŲ ATLIEKŲ IR ANTRINIŲ ŽALIAVŲ KONTEINERIŲ AIKŠTELIŲ PATIKRINIMO AKTAS","Files/Naujininkų/2017/12/15/48443733/Dariaus Girėno 5C (2)2017.12.14.JPG"
"2017-12-13 15:57:04",A32-2907/17(2.1.15-S8),Naujininkų,"AKTAS DĖL NESUGRĖBTŲ IR NEIŠVEŽTŲ LAPŲ",Files/Naujininkų/2017/12/13/48413319/Lapai.pdf
"2017-12-11 12:48:43",A32-2887/17(2.1.15-S8),Naujininkų,"DEFEKTINIS AKTAS","Files/Naujininkų/2017/12/11/48374196/Defekt. aktas.pdf"
"2017-12-08 15:03:42",A32-2883/17(2.1.15-S8),Naujininkų,"KOMUNALINIŲ ATLIEKŲ IR ANTRINIŲ ŽALAIVŲ KONTEINERIŲ AIKŠTELIŲ PATIKRINIMO AKTAS","Files/Naujininkų/2017/12/08/48360925/Konteinerių aikšt.aktas.pdf"
"2017-12-08 14:51:48",A32-2880/17(2.1.15-S8),Naujininkų,"TERITORIJOS PATIKRINIMO AKTAS","Files/Naujininkų/2017/12/08/48360660/Teritorijos pat.aktas.pdf"
"2017-12-01 13:38:58",A32-2815/17(2.1.15-S8),Naujininkų,"KOMUNALINIŲ ATLIEKŲ IR ANTRINIŲ ŽALIAVŲ KONTEINERIŲ AIKŠTELIŲ PATIKRININMO AKTAS","Files/Naujininkų/2017/12/01/48276933/Kont. aktas.pdf"
"2017-11-27 13:49:49",A32-2760/17(2.1.15-S8),Naujininkų,"DEFEKTINIS AKTAS",Files/Naujininkų/2017/11/27/48215205/Defekt.aktas.pdf
"2017-11-23 12:32:07",A32-2725/17(2.1.15-S8),Naujininkų,"TERITORIJOS PATIKRINIMO AKTAS","Files/Naujininkų/2017/11/23/48183950/Teritorijos pat..pdf"
"2017-11-17 14:18:52",A32-2688/17(2.1.15-S8),Naujininkų,"TERITORIJOS PATIKRINIMO AKTAS",Files/Naujininkų/2017/11/17/48126082/Aktas.pdf
"2017-11-17 11:38:53",A32-2679/17(2.1.15-S8),Naujininkų,"KOMUNALINIŲ ATLIEKŲ IR ANTRINIŲ ŽALIAVŲ KONTEINERIŲ AIKŠTELIŲ PATIKRINIMO AKTAS","Files/Naujininkų/2017/11/17/48122666/Tunelio g.10 11 (2).JPG"
"2017-11-10 14:29:21",A32-2618/17(2.1.15-S8),Naujininkų,"KOMUNALINIŲ ATLIEKŲ IR ANTRINIŲ ŽALIAVŲ KONTEINERIŲ AIKŠTELIŲ NAUJININKŲ SENIŪNIJOJE PATIKRINIMO AKTAS","Files/Naujininkų/2017/11/10/48051164/Kont 09.pdf"
"2017-11-10 14:24:07",A32-2616/17(2.1.15-S8),Naujininkų,"TERITORIJOS PATIKRINIMO AKTAS","Files/Naujininkų/2017/11/10/48050943/Ter akt 09.pdf"
"2017-11-03 13:22:42",A32-2545/17(2.1.15-S8),Naujininkų,"KOMUNALINIŲ ATLIEKŲ IR ANTRINIŲ ŽALIAVŲ KONTEINERIŲ AIKŠTELIŲ PATIKRINIMO AKTAS",Files/Naujininkų/2017/11/03/47979483/Kont.aktas.pdf
"2017-11-03 13:18:44",A32-2544/17(2.1.15-S8),Naujininkų,"TERITORIJOS PATIKRINIMO AKTAS",Files/Naujininkų/2017/11/03/47979390/Aktas.pdf
"2017-10-27 09:17:30",A32-2490/17(2.1.15-S8),Naujininkų,"KOMUNALINIŲ ATLIEKŲ IR ANTRINIŲ ŽALIAVŲ KONTEINERIŲ AIKŠTELIŲ PARTIKRINIMO AKTAS",Files/Naujininkų/2017/10/27/47912454/Kont.patikr.aktas.pdf
"2017-10-27 09:10:58",A32-2488/17(2.1.15-S8),Naujininkų,"TERITORIJOS PATIKRINIMO AKTAS","Files/Naujininkų/2017/10/27/47912004/Terit.patikr. aktas.pdf"
"2017-10-23 08:11:08",A32-2462/17(2.1.15-S8),Naujininkų,"DEFEKTINIS AKTAS",Files/Naujininkų/2017/10/23/47853865/DA.pdf
"2017-10-20 14:52:35",A32-2458/17(2.1.15-S8),Naujininkų,"KOMUNALINIŲ ATLIEKŲ IR ANTRINIŲ ŽALIAVŲ KONTEINERIŲ AIKŠTELIŲ NAUJININNKŲ SENIŪNIJOJE PATIKRINIMO AKTAS","Files/Naujininkų/2017/10/20/47847976/Kom.atliekų aktas.pdf"
"2017-10-20 14:47:39",A32-2457/17(2.1.15-S8),Naujininkų,"TERITORIJOS PATIKRINIMO AKTAS","Files/Naujininkų/2017/10/20/47847826/Terit.patikrinimo aktas.pdf"
"2017-10-13 12:51:16",A32-2382/17(2.1.15-S8),Naujininkų,"KOMUNALINIŲ ATLIEKŲ IR ANTRINIŲ ŽALIAVŲ KONTEINERIŲ AIKŠTELIŲ PATIKRINIMO AKTAS","Files/Naujininkų/2017/10/13/47770726/Konteineriniu aiksteliu AKTAS Nr.4.docx"
"2017-10-13 12:41:32",A32-2381/17(2.1.15-S8),Naujininkų,"TERITORIJOS PATIKRINIMO AKTAS","Files/Naujininkų/2017/10/13/47770572/Teritorijos patikrinimo AKTAS  Nr.1.docx"
"2017-10-06 14:42:33",A32-2323/17(2.1.15-S8),Naujininkų,"KOMUNALINIŲ ATLIEKŲ IR ANTRINIŲ ŽALIAVŲ KONTEINERIŲ AIKŠTELIŲ PATIKRINIMO AKTAS","Files/Naujininkų/2017/10/06/47705615/Kont akt.pdf"
"2017-10-06 14:23:00",A32-2320/17(2.1.15-S8),Naujininkų,"TERITORIJOS PATIKRINIMO AKTAS","Files/Naujininkų/2017/10/06/47705074/Teritorijos patikrinimo AKTAS  Nr.1.docx"
"2017-10-05 14:23:24",A32-2304/17(2.1.15-S8),Naujininkų,"DEFEKTINIS AKTAS (STATYBINĖS ATLIEKOS)","Files/Naujininkų/2017/10/05/47691348/Defektinis aktas.msg"
"2017-12-28 14:36:33",A32-3116/17(2.1.15-S9),"Naujosios Vilnios","NAUJOSIOS VILNIOS SENIŪNIJOS 
FAKTINIŲ DUOMENŲ PATIKRINIMO AKTAS
DĖL ALOS PERFILJEVOS FAKTINĖS GYVENAMOSIOS VIETOS DEKLARAVIMO DUOMENŲ PATIKRINIMO","Files/Naujosios Vilnios/2017/12/28/48550783/faktiniu+aktas++2017-12-28.docx"
"2017-12-27 15:48:37",A32-3109/17(2.1.15-S9),"Naujosios Vilnios","KOMUNALINIŲ ATLIEKŲ IR ANTRINIŲ ŽALIAVŲ KONTEINERIŲ AIKŠTELIŲ NAUJOSIOS VILNIOS SENIŪNIJOJE  PATIKRINIMO AKTAS","Files/Naujosios Vilnios/2017/12/27/48539786/12-27 kontein. patik. aktas..pdf"
"2017-12-22 15:19:56",A32-3053/17(2.1.15-S9),"Naujosios Vilnios","TERITORIJOS PATIKRINIMO AKTAS","Files/Naujosios Vilnios/2017/12/22/48523554/2017-12-22 terit. patikr. aktas.pdf"
"2017-12-27 08:53:03",A121-29260/17(2.1.15-S9),"Naujosios Vilnios","DĖL APLEISTO PASTATO DŪMŲ G. 3,VILNIUJE","Files/Naujosios Vilnios/2017/12/27/48516400/elektroninis pranešimas tarnybinės veiklos klausimais.docx"
"2017-12-18 16:09:32",A32-2950/17(2.1.15-S9),"Naujosios Vilnios","TERITORIJOS PATIKRINIMO AKTAS","Files/Naujosios Vilnios/2017/12/18/48464060/12-18 Terit.patik. aktas.docx"
"2017-12-14 16:05:33",A32-2926/17(2.1.15-S9),"Naujosios Vilnios","KOMUNALINIŲ ATLIEKŲ IR ANTRINIŲ ŽALIAVŲ KONTEINERIŲ AIKŠTELIŲ NAUJOSIOS VILNIOS SENIŪNIJOJE  PATIKRINIMO AKTAS","Files/Naujosios Vilnios/2017/12/14/48430822/12-14 kontein. patik. aktas..pdf"
"2017-12-14 08:47:41",A121-28370/17(2.1.15-S9),"Naujosios Vilnios","DĖL M. ŠIKŠNIO GATVĖS TVARKYMO","Files/Naujosios Vilnios/2017/12/14/48418599/elektroninis pranešimas tarnybinės veiklos klausimais.docx"
"2017-12-12 08:50:28",A121-28048/17(2.1.15-S9),"Naujosios Vilnios","DĖL MEDŽIŲ PJOVIMO PARKO G. 7","Files/Naujosios Vilnios/2017/12/12/48384723/Parko g. 7-26.pdf"
"2017-12-08 08:24:35",A121-27711/17(2.1.15-S9),"Naujosios Vilnios","DĖL EISMO SAUGUMO PRIEMONIŲ ĮRENGIMO KALNO GATVĖJE","Files/Naujosios Vilnios/2017/12/08/48343246/elektroninis pranešimas tarnybinės veiklos klausimais.docx"
"2017-12-08 08:25:06",A121-27712/17(2.1.15-S9),"Naujosios Vilnios","DĖL APLINKOS SUTVARKYMO NAUJOSIOS VILNIOS SENIŪNIJOS TERITORIJOJE","Files/Naujosios Vilnios/2017/12/08/48342406/elektroninis pranešimas tarnybinės veiklos klausimais.docx"
"2017-12-07 12:40:48",A32-2852/17(2.1.15-S9),"Naujosios Vilnios","KOMUNALINIŲ ATLIEKŲ IR ANTRINIŲ ŽALIAVŲ KONTEINERIŲ AIKŠTELIŲ NAUJOSIOS VILNIOS SENIŪNIJOJE  PATIKRINIMO AKTAS","Files/Naujosios Vilnios/2017/12/07/48340579/12-07 kontein. patik. aktas..pdf"
"2017-12-05 16:11:05",A121-27434/17(2.1.15-S9),"Naujosios Vilnios","DĖL MEDŽIŲ GENĖJIMO LINKSMOJI G. 36, VILNIUS","Files/Naujosios Vilnios/2017/12/05/48312890/Linksmoji g. 36 55-DNSB.pdf"
"2017-12-01 15:06:40",A32-2825/17(2.1.15-S9),"Naujosios Vilnios","TERITORIJOS PATIKRINIMO AKTAS","Files/Naujosios Vilnios/2017/12/01/48280002/2017-12-01 terit. patikr. aktas.pdf"
"2017-11-28 13:10:26",A32-2772/17(2.1.15-S9),"Naujosios Vilnios","KOMUNALINIŲ ATLIEKŲ IR ANTRINIŲ ŽALIAVŲ KONTEINERIŲ AIKŠTELIŲ NAUJOSIOS VILNIOS SENIŪNIJOJE  PATIKRINIMO AKTAS","Files/Naujosios Vilnios/2017/11/28/48231019/11-28 kontein. patik. aktas..pdf"
"2017-11-27 08:52:40",A32-2754/17(2.1.15-S9),"Naujosios Vilnios","TERITORIJOS PATIKRINIMO AKTAS","Files/Naujosios Vilnios/2017/11/27/48208571/2017-11-24 terit. patikr. aktas.pdf"
"2017-11-24 14:32:45",A121-26530/17(2.1.15-S9),"Naujosios Vilnios","DĖL MEDŽIO KIRTIMO PARKO G. 19, VILNIUS","Files/Naujosios Vilnios/2017/11/24/48201194/elektroninis pranešimas tarnybinės veiklos klausimais.docx"
"2017-11-24 13:42:15",A121-26518/17(2.1.15-S9),"Naujosios Vilnios","DĖL TRAUKINIŲ KELIAMO TRIUKŠMO PRAMONĖS GATVĖJE","Files/Naujosios Vilnios/2017/11/24/48195582/elektroninis pranešimas tarnybinės veiklos klausimais.docx"
"2017-11-24 13:35:57",A121-26515/17(2.1.15-S9),"Naujosios Vilnios","DĖL APŠVIETIMO ĮRENGIMO SKYDO G., VILNIUS","Files/Naujosios Vilnios/2017/11/24/48194828/elektroninis pranešimas tarnybinės veiklos klausimais.docx"
"2017-11-24 08:26:32",A121-26437/17(2.1.15-S9),"Naujosios Vilnios","DĖL IŠVERSTŲ STATYBINIŲ ATLIEKŲ","Files/Naujosios Vilnios/2017/11/24/48190498/Prie Grigo g. 17.jpg"
"2017-11-23 12:51:24",A32-2726/17(2.1.15-S9),"Naujosios Vilnios","KOMUNALINIŲ ATLIEKŲ IR ANTRINIŲ ŽALIAVŲ KONTEINERIŲ AIKŠTELIŲ NAUJOSIOS VILNIOS SENIŪNIJOJE PATIKRINIMO AKTAS","Files/Naujosios Vilnios/2017/11/23/48184272/11-23 kontein. patik. aktas..pdf"
"2017-11-22 12:40:53",A31-103/17(2.1.15-S9),"Naujosios Vilnios","FAKTINIŲ DUOMENŲ PATIKRINIMO AKTAS
DĖL FAKTINĖS GYVENAMOSIOS VIETOS DEKLARAVIMO DUOMENŲ PATIKRINIMO","Files/Naujosios Vilnios/2017/11/22/48169802/faktiniu+aktas++2017-11-22.docx"
"2017-11-21 10:31:12",A121-26040/17(2.1.15-S9),"Naujosios Vilnios","DĖL MEDŽIŲ GENĖJIMO, NUPJOVIMO PRIE AUTOMOBILIŲ PARKAVIMO AIKŠTELĖS KOJELAVIČIAUS G. 150, VILNIUS","Files/Naujosios Vilnios/2017/11/21/48152175/elektroninis pranešimas tarnybinės veiklos klausimais.docx"
"2017-11-17 15:08:07",A32-2693/17(2.1.15-S9),"Naujosios Vilnios","TERITORIJOS PATIKRINIMO AKTAS","Files/Naujosios Vilnios/2017/11/17/48127387/2017-11-17 terit. patikr. aktas.pdf"
"2017-11-16 15:56:20",A32-2676/17(2.1.15-S9),"Naujosios Vilnios","KOMUNALINIŲ ATLIEKŲ IR ANTRINIŲ ŽALIAVŲ KONTEINERIŲ AIKŠTELIŲ NAUJOSIOS VILNIOS SENIŪNIJOJE PATIKRINIMO AKTAS","Files/Naujosios Vilnios/2017/11/16/48114152/11-16 kontein. patik. aktas..pdf"
"2017-11-15 13:34:22",A121-25543/17(2.1.15-S9),"Naujosios Vilnios","DĖL NEPRIŽIŪRIMOS NAMO DALIES DRAUGYSTĖS G. 14 - 1, VILNIUS","Files/Naujosios Vilnios/2017/11/15/48095193/elektroninis pranešimas tarnybinės veiklos klausimais.docx"
"2017-11-13 15:54:00",A32-2634/17(2.1.15-S9),"Naujosios Vilnios","DĖL NAUJOSIOS VILNIOS SENIŪNIJOS TERITORIJOS PATIKRINIMO","Files/Naujosios Vilnios/2017/11/13/48069280/2017-11-10 terit. patikr. aktas1.pdf"
"2017-11-13 14:15:07",A121-25304/17(2.1.15-S9),"Naujosios Vilnios","DĖL NAUJOSIOS VILNIOS SENIŪNIJOS TERITORIJOJE AUTOMOBILIŲ PARKAVIMO AIKŠTELIŲ, ŠALIGATVIŲ ĮRENGIMO","Files/Naujosios Vilnios/2017/11/13/48065765/elektroninis pranešimas tarnybinės veiklos klausimais.docx"
"2017-11-13 12:50:15",A121-25299/17(2.1.15-S9),"Naujosios Vilnios","DĖL NAUJOSIOS VILNIOS SENIŪNIJOS TERITORIJOS","Files/Naujosios Vilnios/2017/11/13/48063580/elektroninis pranešimas tarnybinės veiklos klausimais.docx"
"2017-11-13 07:59:09",A32-2627/17(2.1.15-S9),"Naujosios Vilnios","TERITORIJOS PATIKRINIMO AKTAS","Files/Naujosios Vilnios/2017/11/13/48056727/2017-11-10 terit. patikr. aktas.pdf"
"2017-11-09 15:34:38",A32-2601/17(2.1.15-S9),"Naujosios Vilnios","KOMUNALINIŲ ATLIEKŲ IR ANTRINIŲ ŽALIAVŲ KONTEINERIŲ AIKŠTELIŲ NAUJOSIOS VILNIOS SENIŪNIJOJE  PATIKRINIMO AKTAS","Files/Naujosios Vilnios/2017/11/09/48039123/11-09 kontein. patik. aktas..pdf"
"2017-11-06 10:41:26",A121-24685/17(2.1.15-S9),"Naujosios Vilnios","DĖL NEĮGALIOJO STOVĖJIMO AUTOMOBILIUI VIETOS ĮRENGIMO","Files/Naujosios Vilnios/2017/11/06/47991128/Neįgalio park. Gerovės g. 19.pdf"
"2017-11-03 14:43:13",A32-2558/17(2.1.15-S9),"Naujosios Vilnios","TERITORIJOS PATIKRINIMO AKTAS","Files/Naujosios Vilnios/2017/11/03/47981604/2017-11-03 terit. patikr. aktas.pdf"
"2017-10-31 15:20:29",A32-2521/17(2.1.15-S9),"Naujosios Vilnios","KOMUNALINIŲ ATLIEKŲ IR ANTRINIŲ ŽALIAVŲ KONTEINERIŲ AIKŠTELIŲ NAUJOSIOS VILNIOS SENIŪNIJOJE PATIKRINIMO AKTAS","Files/Naujosios Vilnios/2017/10/31/47953493/10-31 kontein. patik. aktas..pdf"
"2017-10-31 08:32:28",A6-4090/17(2.1.15-S9),"Naujosios Vilnios","DĖL GALIMAI UŽTERŠTO ŠULINIO VANDENS PRAMONĖS G. 61, VILNIUS","Files/Naujosios Vilnios/2017/10/31/47943084/Lydraštis visuonenės sveikatos centras Pramonės g. 61-1.pdf"
"2017-10-27 15:12:19",A32-2507/17(2.1.15-S9),"Naujosios Vilnios","TERITORIJOS PATIKRINIMO AKTAS","Files/Naujosios Vilnios/2017/10/27/47921814/2017-10-27 terit. patikr. aktas.pdf"
"2017-10-27 12:34:40",A32-2496/17(2.1.15-S9),"Naujosios Vilnios","NAUJOSIOS VILNIOS SENIŪNIJOS 
FAKTINIŲ DUOMENŲ PATIKRINIMO AKTAS
DĖL TERITORIJOS PATIKRINIMO","Files/Naujosios Vilnios/2017/10/27/47917474/2017-10-26 terit. patikr. aktas.pdf"
"2017-10-26 16:22:37",A32-2482/17(2.1.15-S9),"Naujosios Vilnios","KOMUNALINIŲ ATLIEKŲ IR ANTRINIŲ ŽALIAVŲ KONTEINERIŲ AIKŠTELIŲ NAUJOSIOS VILNIOS SENIŪNIJOJE  PATIKRINIMO AKTAS","Files/Naujosios Vilnios/2017/10/26/47908377/10-26 kontein. patik. aktas..pdf"
"2017-10-24 13:58:46",A121-23760/17(2.1.15-S9),"Naujosios Vilnios","DĖL MEDŽIŲ GENĖJIMO","Files/Naujosios Vilnios/2017/10/24/47877533/elektroninis pranešimas tarnybinės veiklos klausimais.docx"
"2017-10-24 13:46:19",A121-23755/17(2.1.15-S9),"Naujosios Vilnios","DĖL MEDŽIO KIRTIMO","Files/Naujosios Vilnios/2017/10/24/47877241/elektroninis pranešimas tarnybinės veiklos klausimais.docx"
"2017-10-20 15:05:06",A32-2460/17(2.1.15-S9),"Naujosios Vilnios","TERITORIJOS PATIKRINIMO AKTAS","Files/Naujosios Vilnios/2017/10/20/47848278/2017-10-20 terit. patikr. aktas.pdf"
"2017-10-20 11:29:30",A121-23492/17(2.1.15-S9),"Naujosios Vilnios","DĖL NEPRIŽIŪRIMO SKLYPO JUODASIS K, 34, VILNIUS","Files/Naujosios Vilnios/2017/10/20/47841986/elektroninis pranešimas tarnybinės veiklos klausimais.docx"
"2017-10-19 16:18:31",A32-2439/17(2.1.15-S9),"Naujosios Vilnios","NAUJOSIOS VILNIOS SENIŪNIJOS 
FAKTINIŲ DUOMENŲ PATIKRINIMO AKTAS
DĖL TERITORIJOS PATIKRINIMO","Files/Naujosios Vilnios/2017/10/19/47836724/2017-10-17 terit. patikr. aktas.pdf"
"2017-10-19 14:04:25",A32-2437/17(2.1.15-S9),"Naujosios Vilnios","KOMUNALINIŲ ATLIEKŲ IR ANTRINIŲ ŽALIAVŲ KONTEINERIŲ AIKŠTELIŲ NAUJOSIOS VILNIOS SENIŪNIJOJE  PATIKRINIMO AKTAS","Files/Naujosios Vilnios/2017/10/19/47833490/10-19 kontein. patik. aktas..pdf"
"2017-10-13 15:01:59",A32-2388/17(2.1.15-S9),"Naujosios Vilnios","TERITORIJOS PATIKRINIMO AKTAS","Files/Naujosios Vilnios/2017/10/13/47774260/2017-10-13 terit. patikr. aktas.pdf"
"2017-10-13 13:10:02",A121-22858/17(2.1.15-S9),"Naujosios Vilnios","DĖL MEDŽIŲ KIRTIMO TURMANTO GATVĖJE","Files/Naujosios Vilnios/2017/10/13/47770970/elektroninis pranešimas tarnybinės veiklos klausimais.docx"
"2017-10-13 10:50:39",A32-2380/17(2.1.15-S9),"Naujosios Vilnios","KOMUNALINIŲ ATLIEKŲ IR ANTRINIŲ ŽALIAVŲ KONTEINERIŲ AIKŠTELIŲ NAUJOSIOS VILNIOS SENIŪNIJOJE  PATIKRINIMO AKTAS","Files/Naujosios Vilnios/2017/10/13/47768627/10-13 kontein. patik. aktas..pdf"
"2017-10-10 08:53:03",A32-2339/17(2.1.15-S9),"Naujosios Vilnios","NAUJOSIOS VILNIOS SENIŪNIJOS 
FAKTINIŲ DUOMENŲ PATIKRINIMO AKTAS
DĖL TERITORIJOS PATIKRINIMO","Files/Naujosios Vilnios/2017/10/10/47725664/2017-10-05 terit. patikr. aktas.pdf"
"2017-10-06 14:25:57",A32-2321/17(2.1.15-S9),"Naujosios Vilnios","TERITORIJOS PATIKRINIMO AKTAS","Files/Naujosios Vilnios/2017/10/06/47705627/2017-10-06 terit. patikr. aktas.pdf"
"2017-10-06 13:12:43",A32-2313/17(2.1.15-S9),"Naujosios Vilnios","KOMUNALINIŲ ATLIEKŲ IR ANTRINIŲ ŽALIAVŲ KONTEINERIŲ AIKŠTELIŲ NAUJOSIOS VILNIOS SENIŪNIJOJE  PATIKRINIMO AKTAS","Files/Naujosios Vilnios/2017/10/06/47703534/10-06 kontein. patik. aktas..pdf"
"2017-12-22 14:08:08",A32-3048/17(2.1.15-S10),Panerių,"TERITORIJOS PATIKRINIMO AKTAS",Files/Panerių/2017/12/22/48521589/20171222_092132.jpg
"2017-12-22 13:43:19",A32-3047/17(2.1.15-S10),Panerių,"KOMUNALINIŲ ATLIEKŲ IR ANTRINIŲ ŽALIAVŲ KONTEINERIŲ AIKŠTELIŲ PANERIŲ SENIŪNIJOJE
PATIKRINIMO AKTAS","Files/Panerių/2017/12/22/48520983/Konteinerių patikrinimo aktas 17-12-22.docx"
"2017-12-19 10:51:47",A32-2955/17(2.1.15-S10),Panerių,"TERITORIJOS PATIKRINIMO AKTAS","Files/Panerių/2017/12/19/48471066/TERITORIJOS PATIKRINIMO AKTAS (šaligatvių valymo) 2017-12-19.docx"
"2017-12-15 14:28:42",A32-2937/17(2.1.15-S10),Panerių,"TERITORIJOS PATIKRINIMO AKTAS","Files/Panerių/2017/12/15/48439858/TERITORIJOS PATIKRINIMO AKTAS 2017-12-15.docx"
"2017-12-15 14:30:04",A32-2938/17(2.1.15-S10),Panerių,"KOMUNALINIŲ ATLIEKŲ IR ANTRINIŲ ŽALIAVŲ KONTEINERIŲ AIKŠTELIŲ PANERIŲ SENIŪNIJOJE
PATIKRINIMO AKTAS","Files/Panerių/2017/12/15/48435665/Konteinerių patikrinimo aktas 17-12-15.docx"
"2017-12-08 14:56:32",A32-2882/17(2.1.15-S10),Panerių,"TERITORIJOS PATIKRINIMO AKTAS","Files/Panerių/2017/12/08/48351325/TERITORIJOS PATIKRINIMO AKTAS 2017-12-08.docx"
"2017-12-08 09:41:59",A32-2860/17(2.1.15-S10),Panerių,"KOMUNALINIŲ ATLIEKŲ IR ANTRINIŲ ŽALIAVŲ KONTEINERIŲ AIKŠTELIŲ PANERIŲ SENIŪNIJOJE
PATIKRINIMO AKTAS","Files/Panerių/2017/12/08/48350721/Konteinerių patikrinimo aktas 17-12-08.docx"
"2017-12-05 14:56:14",A32-2840/17(2.1.15-S10),Panerių,"DEFEKTINIS AKTAS","Files/Panerių/2017/12/05/48309700/DEFEKTINIS AKTAS 2017-12-04.docx"
"2017-12-01 13:12:29",A32-2812/17(2.1.15-S10),Panerių,"TERITORIJOS PATIKRINIMO AKTAS","Files/Panerių/2017/12/01/48273434/TERITORIJOS PATIKRINIMO AKTAS 2017-12-01.docx"
"2017-12-01 13:11:16",A32-2811/17(2.1.15-S10),Panerių,"KOMUNALINIŲ ATLIEKŲ IR ANTRINIŲ ŽALIAVŲ KONTEINERIŲ AIKŠTELIŲ PANERIŲ SENIŪNIJOJE
PATIKRINIMO AKTAS","Files/Panerių/2017/12/01/48272778/Konteinerių patikrinimo aktas 17-12-01.docx"
"2017-11-24 14:17:50",A32-2748/17(2.1.15-S10),Panerių,"TERITORIJOS PATIKRINIMO AKTAS","Files/Panerių/2017/11/24/48199568/TERITORIJOS PATIKRINIMO AKTAS 2017-11-24.docx"
"2017-11-24 14:16:52",A32-2747/17(2.1.15-S10),Panerių,"KOMUNALINIŲ ATLIEKŲ IR ANTRINIŲ ŽALIAVŲ KONTEINERIŲ AIKŠTELIŲ PANERIŲ SENIŪNIJOJE
PATIKRINIMO AKTAS","Files/Panerių/2017/11/24/48199074/Konteinerių patikrinimo aktas 17-11-24.docx"
"2017-11-16 13:54:18",A32-2666/17(2.1.15-S10),Panerių,"TERITORIJOS PATIKRINIMO AKTAS","Files/Panerių/2017/11/16/48109535/TERITORIJOS PATIKRINIMO AKTAS 2017-11-16.docx"
"2017-11-16 13:29:03",A32-2665/17(2.1.15-S10),Panerių,"KOMUNALINIŲ ATLIEKŲ IR ANTRINIŲ ŽALIAVŲ KONTEINERIŲ AIKŠTELIŲ PANERIŲ SENIŪNIJOJE
PATIKRINIMO AKTAS","Files/Panerių/2017/11/16/48109291/Konteinerių patikrinimo aktas 17-11-16.docx"
"2017-11-09 14:24:33",A32-2598/17(2.1.15-S10),Panerių,"TERITORIJOS PATIKRINIMO AKTAS","Files/Panerių/2017/11/09/48035856/TERITORIJOS PATIKRINIMO AKTAS 17-11-09.docx"
"2017-11-09 14:11:50",A32-2596/17(2.1.15-S10),Panerių,"KOMUNALINIŲ ATLIEKŲ IR ANTRINIŲ ŽALIAVŲ KONTEINERIŲ AIKŠTELIŲ PANERIŲ SENIŪNIJOJE
PATIKRINIMO AKTAS","Files/Panerių/2017/11/09/48035175/Konteinerių patikrinimo aktas 17-11-09.docx"
"2017-11-03 14:12:46",A32-2554/17(2.1.15-S10),Panerių,"TERITORIJOS PATIKRINIMO AKTAS","Files/Panerių/2017/11/03/47974430/TERITORIJOS PATIKRINIMO AKTAS 2017-11-03.docx"
"2017-11-03 14:11:48",A32-2552/17(2.1.15-S10),Panerių,"KOMUNALINIŲ ATLIEKŲ IR ANTRINIŲ ŽALIAVŲ KONTEINERIŲ AIKŠTELIŲ PANERIŲ SENIŪNIJOJE
PATIKRINIMO AKTAS","Files/Panerių/2017/11/03/47974119/Konteinerių patikrinimo aktas 17-11-03.docx"
"2017-10-27 14:36:51",A32-2504/17(2.1.15-S10),Panerių,"TERITORIJOS PATIKRINIMO AKTAS","Files/Panerių/2017/10/27/47920110/20171026_092602Trampolio 2 Šakos, did atl.jpg"
"2017-10-27 14:23:09",A32-2502/17(2.1.15-S10),Panerių,"KOMUNALINIŲ ATLIEKŲ IR ANTRINIŲ ŽALIAVŲ KONTEINERIŲ AIKŠTELIŲ PANERIŲ SENIŪNIJOJE
PATIKRINIMO AKTAS","Files/Panerių/2017/10/27/47918855/20171026_092602Trampolio 2 Šakos, did atl.jpg"
"2017-10-06 15:30:00",A32-2327/17(2.1.15-S10),Panerių,"TERITORIJOS PATIKRINIMO AKTAS","Files/Panerių/2017/10/06/47700803/20171004_094304  J. Tiškevičiaus g. 13 šakos, žolės.jpg"
"2017-10-06 07:28:50",A32-2309/17(2.1.15-S10),Panerių,"KOMUNALINIŲ ATLIEKŲ IR ANTRINIŲ ŽALIAVŲ KONTEINERIŲ AIKŠTELIŲ PANERIŲ SENIŪNIJOJE
PATIKRINIMO AKTAS","Files/Panerių/2017/10/06/47692776/Konteinerių patikrinimo aktas 17-10-05.docx"
"2017-12-28 15:26:33",A32-3118/17(2.1.15-S11),Pašilaičių,"TERITORIJOS PATIKRINIMO AKTAS","Files/Pašilaičių/2017/12/28/48552137/2017-12-28 teritorijos patikrinimo aktas.pdf"
"2017-12-28 14:48:28",A32-3117/17(2.1.15-S11),Pašilaičių,"KOMUNALINIŲ ATLIEKŲ IR ANTRINIŲ ŽALIAVŲ KONTEINERIŲ AIKŠTELIŲ PAŠILAIČIŲ SENIŪNIJOJE PATIKRINIMO AKTAS",Files/Pašilaičių/2017/12/28/48550698/12-28.pdf
"2017-12-22 12:09:13",A32-3039/17(2.1.15-S11),Pašilaičių,"PAŠILAIČIŲ SENIŪNIJOS TERITORIJOS PATIKRINIMO AKTAS","Files/Pašilaičių/2017/12/22/48519350/aktas 12-22.pdf"
"2017-12-20 15:45:01",A32-3007/17(2.1.15-S11),Pašilaičių,"KOMUNALINIŲ ATLIEKŲ IR ANTRINIŲ ŽALIAVŲ KONTEINERIŲ AIKŠTELIŲ PAŠILAIČIŲ SENIŪNIJOJE PATIKRINIMO AKTAS",Files/Pašilaičių/2017/12/20/48494669/20171220142501716...pdf
"2017-12-19 13:36:06",A32-2960/17(2.1.15-S11),Pašilaičių,"DEFEKTINIS AKTAS","Files/Pašilaičių/2017/12/19/48474856/2017-12-19defektinis aktas.pdf"
"2017-12-19 13:31:35",A32-2959/17(2.1.15-S11),Pašilaičių,"TERITORIJOS PATIKRINIMO AKTAS","Files/Pašilaičių/2017/12/19/48474787/2017-12-19 teritorijos patikrinimo aktas.pdf"
"2017-12-07 16:01:25",A32-2858/17(2.1.15-S11),Pašilaičių,"TERITORIJOS PATIKRINIMO AKTAS","Files/Pašilaičių/2017/12/07/48345840/2017-12-07 TERITORIJOS PATIKRINIMO AKTAS.pdf"
"2017-12-07 15:44:21",A32-2857/17(2.1.15-S11),Pašilaičių,"KOMUNALINIŲ ATLIEKŲ IR ANTRINIŲ ŽALIAVŲ KONTEINERIŲ AIKŠTELIŲ PAŠILAIČIŲ SENIŪNIJOJE PATIKRINIMO AKTAS","Files/Pašilaičių/2017/12/07/48345268/2017-12-07 KOM. ATL. AKTAS.pdf"
"2017-11-30 16:24:53",A32-2805/17(2.1.15-S11),Pašilaičių,"KOMUNALINIŲ ATLIEKŲ IR ANTRINIŲ ŽALIAVŲ KONTEINERIŲ AIKŠTELIŲ PAŠILAIČIŲ SENIŪNIJOJE PATIKRINIMO AKTAS","Files/Pašilaičių/2017/11/30/48266881/2017-11-30atliekų aktas.pdf"
"2017-11-30 15:55:07",A32-2803/17(2.1.15-S11),Pašilaičių,"TERITORIJOS PATIKRINIMO AKTAS","Files/Pašilaičių/2017/11/30/48266051/2017-11-30 teritorijos patikrinimo aktas.pdf"
"2017-11-22 15:47:31",A32-2723/17(2.1.15-S11),Pašilaičių,"KOMUNALINIŲ ATLIEKŲ IR ANTRINIŲ ŽALIAVŲ KONTEINERIŲ AIKŠTELIŲ PAŠILAIČIŲ SENIŪNIJOJE PATIKRINIMO AKTAS","Files/Pašilaičių/2017/11/22/48174683/2017-11-22 atliekų aktas.pdf"
"2017-11-22 15:38:00",A32-2722/17(2.1.15-S11),Pašilaičių,"TERITORIJOS PATIKRINIMO AKTAS","Files/Pašilaičių/2017/11/22/48174600/2017-11-22 teritorijos patikrinimo aktas.pdf"
"2017-11-14 14:52:15",A32-2642/17(2.1.15-S11),Pašilaičių,"TERITORIJOS PATIKRINIMO AKTAS","Files/Pašilaičių/2017/11/14/48082248/2017-11-14teritorijos aktas.docx"
"2017-11-13 15:52:23",A32-2633/17(2.1.15-S11),Pašilaičių,"DEFEKTINIS AKTAS","Files/Pašilaičių/2017/11/13/48069171/2017-11-13 defektinis aktas.pdf"
"2017-11-07 14:15:16",A32-2575/17(2.1.15-S11),Pašilaičių,"KOMUNALINIŲ ATLIEKŲ IR ANTRINIŲ ŽALIAVŲ KONTEINERIŲ AIKŠTELIŲ PAŠILAIČIŲ   SENIŪNIJOJE  PATIKRINIMO AKTAS","Files/Pašilaičių/2017/11/07/48009565/2017-11-07 komunalinių atliekų patikrinimo aktas.pdf"
"2017-11-07 14:04:42",A32-2574/17(2.1.15-S11),Pašilaičių,"TERITORIJOS PATIKRINIMO AKTAS","Files/Pašilaičių/2017/11/07/48009415/2017-11-07 teritorijos patikrinimo aktas.pdf"
"2017-10-25 15:22:33",A32-2471/17(2.1.15-S11),Pašilaičių,"KOMUNALINIŲ ATLIEKŲ IR ANTRINIŲ ŽALIAVŲ KONTEINERIŲ AIKŠTELIŲ PATIKRINIMO AKTAS","Files/Pašilaičių/2017/10/25/47893072/atlieku aktas 10-25.pdf"
"2017-10-25 15:17:30",A32-2470/17(2.1.15-S11),Pašilaičių,"TERITORIJOS PATIKRINIMO AKTAS","Files/Pašilaičių/2017/10/25/47892992/terit.aktas 10-25.pdf"
"2017-10-19 14:02:10",A32-2435/17(2.1.15-S11),Pašilaičių,"KOMUNALINIŲ ATLIEKŲ IR ANTRINIŲ ŽALIAVŲ KONTEINERIŲ AIKŠTELIŲ PAŠILAIČIŲ SENIŪNIJOJE PATIKRINIMO AKTAS","Files/Pašilaičių/2017/10/19/47833462/2017-10-19 kom. atliekų patikrinimo aktas.pdf"
"2017-10-19 14:00:07",A32-2434/17(2.1.15-S11),Pašilaičių,"TERITORIJOS PATIKRINIMO AKTAS","Files/Pašilaičių/2017/10/19/47833380/2017-10-19 teritorijos patikrinimo aktas.pdf"
"2017-10-12 15:34:03",A32-2373/17(2.1.15-S11),Pašilaičių,"KOMUNALINIŲ ATLIEKŲ IR ANTRINIŲ ŽALIAVŲ KONTEINERIŲ AIKŠTELIŲ  PAŠILAIČIŲ SENIŪNIJOJE PATIKRINIMO AKTAS","Files/Pašilaičių/2017/10/12/47761732/2017-10-12 atliekų aktas.pdf"
"2017-10-12 15:29:25",A32-2372/17(2.1.15-S11),Pašilaičių,"TERITORIJOS PATIKRINIMO AKTAS","Files/Pašilaičių/2017/10/12/47761651/2017-10-12 teritorijos patikrinimo aktas.pdf"
"2017-10-10 10:25:25",A32-2341/17(2.1.15-S11),Pašilaičių,"DEFEKTINIS AKTAS","Files/Pašilaičių/2017/10/10/47728000/Defektinis 10-09.docx"
"2017-10-06 13:31:17",A32-2316/17(2.1.15-S11),Pašilaičių,"KOMUNALINIŲ ATLIEKŲ IR ANTRINIŲ ŽALIAVŲ KONTEINERIŲ AIKŠTELIŲ  PAŠILAIČIŲ SENIŪNIJOJE PATIKRINIMO AKTAS","Files/Pašilaičių/2017/10/06/47703959/2017-10-06 aktas atliekos.pdf"
"2017-10-06 13:29:02",A32-2315/17(2.1.15-S11),Pašilaičių,"TERITORIJOS PATIKRINIMO AKTAS","Files/Pašilaičių/2017/10/06/47703934/2017-10-06 teritorijos patikrinimo aktas.pdf"
"2017-12-27 15:26:21",A32-3108/17(2.1.15-S12),Pilaitės,"KOMUNALINIŲ ATLIEKŲ IR ANTRINIŲ ŽALIAVŲ KONTEINERIŲ AIKŠTELIŲ PILAITĖS SENIŪNIJOJE
PATIKRINIMO AKTAS",Files/Pilaitės/2017/12/27/48539293/Konteineriai_12_27.docx
"2017-12-27 15:22:58",A32-3106/17(2.1.15-S12),Pilaitės,"TERITORIJOS TIKRINIMO AKTAS",Files/Pilaitės/2017/12/27/48539199/Teritorija_12_27.docx
"2017-12-22 13:14:56",A32-3043/17(2.1.15-S12),Pilaitės,"TERITORIJOS PATIKRINIMO AKTAS","Files/Pilaitės/2017/12/22/48520596/Teritorijos patikrinimo aktas 2017-12-22.pdf"
"2017-12-18 08:48:30",A32-2946/17(2.1.15-S12),Pilaitės,"DEFEKTINIS AKTAS",Files/Pilaitės/2017/12/18/48452464/20171218072423462.pdf
"2017-12-15 13:29:15",A32-2932/17(2.1.15-S12),Pilaitės,"KOMUNALINIŲ ATLIEKŲ IR ANTRINIŲ ŽALIAVŲ KONTEINERIŲ AIKŠTELIŲ PILAITĖS SENIŪNIJOJE
PATIKRINIMO AKTAS",Files/Pilaitės/2017/12/15/48442729/Konteineriai_12_15.docx
"2017-12-08 14:21:17",A32-2879/17(2.1.15-S12),Pilaitės,"TERITORIJOS TIKRINIMO AKTAS",Files/Pilaitės/2017/12/08/48359423/Teritorija_12_08.docx
"2017-12-08 14:16:47",A32-2878/17(2.1.15-S12),Pilaitės,"KOMUNALINIŲ ATLIEKŲ IR ANTRINIŲ ŽALIAVŲ KONTEINERIŲ AIKŠTELIŲ PILAITĖS SENIŪNIJOJE
PATIKRINIMO AKTAS",Files/Pilaitės/2017/12/08/48359037/Konteineriai_12_08.docx
"2017-12-01 14:55:16",A32-2823/17(2.1.15-S12),Pilaitės,"TERITORIJOS PATIKRINIMO AKTAS",Files/Pilaitės/2017/12/01/48279626/Teritorija_12_01.docx
"2017-12-01 14:50:43",A32-2822/17(2.1.15-S12),Pilaitės,"KOMUNALINIŲ ATLIEKŲ IR ANTRINIŲ ŽALIAVŲ KONTEINERIŲ AIKŠTELIŲ PILAITĖS SENIŪNIJOJE
PATIKRINIMO AKTAS",Files/Pilaitės/2017/12/01/48279404/Konteineriai_12_01.docx
"2017-11-27 16:39:13",A32-2770/17(2.1.15-S12),Pilaitės,"DEFEKTINIS AKTAS",Files/Pilaitės/2017/11/27/48220320/def_aktas_20171127.docx
"2017-11-24 13:37:56",A32-2743/17(2.1.15-S12),Pilaitės,"TERITORIJOS PATIKRINIMO AKTAS",Files/Pilaitės/2017/11/24/48199818/Teritorija_11_24.docx
"2017-11-24 13:17:18",A32-2742/17(2.1.15-S12),Pilaitės,"KOMUNALINIŲ ATLIEKŲ IR ANTRINIŲ ŽALIAVŲ KONTEINERIŲ AIKŠTELIŲ PILAITĖS SENIŪNIJOJE
PATIKRINIMO AKTAS",Files/Pilaitės/2017/11/24/48199347/Konteineriai_11_24.docx
"2017-11-17 13:43:28",A32-2684/17(2.1.15-S12),Pilaitės,"TERITORIJOS PATIKRINIMO AKTAS",Files/Pilaitės/2017/11/17/48125055/Teritorija_11_17.docx
"2017-11-17 13:34:49",A32-2683/17(2.1.15-S12),Pilaitės,"KOMUNALINIŲ ATLIEKŲ IR ANTRINIŲ ŽALIAVŲ KONTEINERIŲ AIKŠTELIŲ PILAITĖS SENIŪNIJOJE
PATIKRINIMO AKTAS",Files/Pilaitės/2017/11/17/48124794/Konteineriai_11_15.docx
"2017-11-10 13:51:53",A32-2612/17(2.1.15-S12),Pilaitės,"KOMUNALINIŲ ATLIEKŲ IR ANTRINIŲ ŽALIAVŲ KONTEINERIŲ AIKŠTELIŲ PILAITĖS SENIŪNIJOJE
PATIKRINIMO AKTAS",Files/Pilaitės/2017/11/10/48049836/Teritorija_11_10.docx
"2017-11-10 13:44:28",A32-2611/17(2.1.15-S12),Pilaitės,"TERITORIJOS TIKRINIMO AKTAS",Files/Pilaitės/2017/11/10/48049702/Teritorija_11_10.docx
"2017-11-03 14:12:09",A32-2553/17(2.1.15-S12),Pilaitės,"TERITORIJOS PATIKRINIMO AKTAS",Files/Pilaitės/2017/11/03/47980748/Teritorija_11_03.docx
"2017-11-03 14:04:20",A32-2551/17(2.1.15-S12),Pilaitės,"KOMUNALINIŲ ATLIEKŲ IR ANTRINIŲ ŽALIAVŲ KONTEINERIŲ AIKŠTELIŲ PILAITĖS SENIŪNIJOJE
PATIKRINIMO AKTAS",Files/Pilaitės/2017/11/03/47980455/Konteineriai_11_03.docx
"2017-10-27 14:27:34",A32-2503/17(2.1.15-S12),Pilaitės,"TERITORIJOS PATIKRINIMO AKTAS",Files/Pilaitės/2017/10/27/47920387/Teritorija_10_27.docx
"2017-10-27 14:14:37",A32-2501/17(2.1.15-S12),Pilaitės,"KOMUNALINIŲ ATLIEKŲ IR ANTRINIŲ ŽALIAVŲ KONTEINERIŲ AIKŠTELIŲ PILAITĖS SENIŪNIJOJE
PATIKRINIMO AKTAS",Files/Pilaitės/2017/10/27/47919888/Konteineriai_10_27.docx
"2017-10-20 14:02:19",A32-2450/17(2.1.15-S12),Pilaitės,"PILAITĖS SENIŪNIJOS TERITORIJOS TIKRINIMO AKTAS",Files/Pilaitės/2017/10/20/47846214/Teritorija_10_20.docx
"2017-10-20 13:58:16",A32-2449/17(2.1.15-S12),Pilaitės,"KOMUNALINIŲ ATLIEKŲ IR ANTRINIŲ ŽALIAVŲ KONTEINERIŲ AIKŠTELIŲ PILAITĖS SENIŪNIJOJE PATIKRINIMO AKTAS",Files/Pilaitės/2017/10/20/47845899/Konteineriai_10_20.docx
"2017-10-17 15:20:18",A32-2409/17(2.1.15-S12),Pilaitės,"TERITORIJOS PATIKRINIMO AKTAS",Files/Pilaitės/2017/10/17/47805907/Teritorija_10_17.docx
"2017-10-13 14:16:51",A32-2387/17(2.1.15-S12),Pilaitės,"TERITORIJOS PATIKRINIMO AKTAS",Files/Pilaitės/2017/10/13/47772803/Teritorija_10_13.docx
"2017-10-13 14:07:59",A32-2385/17(2.1.15-S12),Pilaitės,"KOMUNALINIŲ ATLIEKŲ IR ANTRINIŲ ŽALIAVŲ KONTEINERIŲ AIKŠTELIŲ PILAITĖS SENIŪNIJOJE
PATIKRINIMO AKTAS",Files/Pilaitės/2017/10/13/47772703/Konteineriai_10_13.docx
"2017-10-06 14:18:54",A32-2319/17(2.1.15-S12),Pilaitės,"PILAITĖS SENIŪNIJOS TERITORIJOS TIKRINIMO AKTAS",Files/Pilaitės/2017/10/06/47705233/Teritorija_10_06.docx
"2017-10-06 14:08:56",A32-2318/17(2.1.15-S12),Pilaitės,"KOMUNALINIŲ ATLIEKŲ IR ANTRINIŲ ŽALIAVŲ KONTEINERIŲ AIKŠTELIŲ PILAITĖS SENIŪNIJOJE
PATIKRINIMO AKTAS",Files/Pilaitės/2017/10/06/47704872/Konteineriai_10_06.docx
"2017-12-28 09:55:03",A32-3112/17(2.1.15-S13),Rasų,"PATIKRINIMO AKTAS",Files/Rasų/2017/12/28/48545083/Atliek%C5%B3+kont+AIK%C5%A0T+PATIKR+aktas.docx
"2017-12-13 10:44:54",A32-2900/17(2.1.15-S13),Rasų,"PATIKRINIMO AKTAS","Files/Rasų/2017/12/13/48404617/TERITORIJOS PATIKRINIMO AKTAS.docx"
"2017-12-05 09:22:40",A32-2836/17(2.1.15-S13),Rasų,"PATIKRINIMO AKTAS",Files/Rasų/2017/12/05/48303466/Atliek%C5%B3+kont+AIK%C5%A0T+PATIKR+aktas.docx
"2017-11-30 14:32:54",A32-2799/17(2.1.15-S13),Rasų,"PATIKRINIMO AKTAS","Files/Rasų/2017/11/30/48263393/TERITORIJOS PATIKRINIMO AKTAS.docx"
"2017-11-24 08:06:52",A32-2732/17(2.1.15-S13),Rasų,"PATIKRINIMO AKTAS","Files/Rasų/2017/11/24/48193240/TERITORIJOS PATIKRINIMO AKTAS.docx"
"2017-11-21 10:29:25",A32-2708/17(2.1.15-S13),Rasų,"PATIKRINIMO AKTAS",Files/Rasų/2017/11/21/48152577/Atliek%C5%B3+kont+AIK%C5%A0T+PATIKR+aktas.docx
"2017-11-09 10:06:04",A32-2591/17(2.1.15-S13),Rasų,"PATIKRINIMO AKTAS","Files/Rasų/2017/11/09/48031194/TERITORIJOS PATIKRINIMO AKTAS.docx"
"2017-11-08 09:05:11",A32-2580/17(2.1.15-S13),Rasų,"PATIKRINIMO AKTAS",Files/Rasų/2017/11/08/48016802/Atliek%C5%B3+kont+AIK%C5%A0T+PATIKR+aktas.docx
"2017-12-14 16:31:16",A32-2928/17(2.1.15-S14),Senamiesčio,"SENAMIESČIO SENIŪNIJOS TERITORIJOS PATIKRINIMO AKTAS 2017-12-14","Files/Senamiesčio/2017/12/14/48431305/TERITORIJOS PATIKRINIMO AKTAS 2017 12 14.docx"
"2017-12-14 15:52:58",A32-2925/17(2.1.15-S14),Senamiesčio,"KONTEINERIŲ AIKŠTELIŲ SENAMIESČIO SENIŪNIJOJE
PATIKRINIMO AKTAS 2017-12-14","Files/Senamiesčio/2017/12/14/48430112/KONTEINERIŲ AIKŠTELIŲ PATIKRINIMO AKTAS 2017 12 14.docx"
"2017-12-08 13:32:08",A32-2877/17(2.1.15-S14),Senamiesčio,"SENAMIESČIO SENIŪNIJOS TERITORIJOS PATIKRINIMO AKTAS 2017-12-08","Files/Senamiesčio/2017/12/08/48357231/TERITORIJOS PATIKRINIMO AKTAS 2017 12 08.docx"
"2017-12-08 12:39:07",A32-2875/17(2.1.15-S14),Senamiesčio,"KONTEINERIŲ AIKŠTELIŲ SENAMIESČIO SENIŪNIJOJE
 PATIKRINIMO AKTAS 2017-12-08","Files/Senamiesčio/2017/12/08/48355351/KONTEINERIŲ PATIKRA 2017 12 08.pdf"
"2017-12-01 15:23:18",A32-2827/17(2.1.15-S14),Senamiesčio,"SENAMIESČIO SENIŪNIJOS TERITORIJOS PATIKRINIMO AKTAS 2017-12-01","Files/Senamiesčio/2017/12/01/48280196/TER PAT 2017 12 01.pdf"
"2017-12-01 14:47:00",A32-2821/17(2.1.15-S14),Senamiesčio,"KONTEINERIŲ AIKŠTELIŲ SENAMIESČIO SENIŪNIJOJE
 PATIKRINIMO AKTAS 2017-12-01","Files/Senamiesčio/2017/12/01/48279319/KONTEINERIŲ PATIKRA 2017 12 01.pdf"
"2017-11-24 15:07:54",A32-2749/17(2.1.15-S14),Senamiesčio,"SENAMIESČIO SENIŪNIJOS TERITORIJOS PATIKRINIMO AKTAS 2017-11-24","Files/Senamiesčio/2017/11/24/48202240/TER PAT 2017-11-24.pdf"
"2017-11-24 13:45:39",A32-2744/17(2.1.15-S14),Senamiesčio,"KONTEINERIŲ AIKŠTELIŲ SENAMIESČIO SENIŪNIJOJE
 PATIKRINIMO AKTAS 2017-11-24","Files/Senamiesčio/2017/11/24/48199661/KONTEINERIŲ PATIKRA 2017 11 24.pdf"
"2017-11-17 15:09:17",A32-2695/17(2.1.15-S14),Senamiesčio,"SENAMIESČIO SENIŪNIJOS TERITORIJOS PATIKRINIMO AKTAS 2017-11-17","Files/Senamiesčio/2017/11/17/48127391/TERITORIJOS PATIKRINIMO AKTAS 2017 11 17.docx"
"2017-11-17 14:36:47",A32-2690/17(2.1.15-S14),Senamiesčio,"KONTEINERIŲ AIKŠTELIŲ SENAMIESČIO SENIŪNIJOJE
 PATIKRINIMO AKTAS 2017-11-17","Files/Senamiesčio/2017/11/17/48126404/KONTEINERIŲ PATIKRA 2017 11 17.pdf"
"2017-11-10 14:59:12",A32-2621/17(2.1.15-S14),Senamiesčio,"KONTEINERIŲ AIKŠTELIŲ SENAMIESČIO SENIŪNIJOJE
 PATIKRINIMO AKTAS 2017-11-10","Files/Senamiesčio/2017/11/10/48052171/KONTEINERINIŲ AIKŠTELIŲ PATIKRINIMO AKTAS 2017 11 10.docx"
"2017-11-10 14:03:58",A32-2614/17(2.1.15-S14),Senamiesčio,"SENAMIESČIO SENIŪNIJOS TERITORIJOS PATIKRINIMO AKTAS 2017-11-10","Files/Senamiesčio/2017/11/10/48050394/TERITORIJOS PATIKRINIMO AKTAS 2017 11 10.docx"
"2017-11-03 15:47:25",A32-2561/17(2.1.15-S14),Senamiesčio,"KONTEINERIŲ AIKŠTELIŲ SENAMIESČIO SENIŪNIJOJE
 PATIKRINIMO AKTAS 2017-11-03","Files/Senamiesčio/2017/11/03/47982823/KONTEINERINĖ KRIVIŲ 35.JPG"
"2017-11-03 14:57:28",A32-2560/17(2.1.15-S14),Senamiesčio,"SENAMIESČIO SENIŪNIJOS TERITORIJOS PATIKRINIMO AKTAS 2017-11-03","Files/Senamiesčio/2017/11/03/47981968/TERITORIJOS PATIKRINIMO AKTAS 2017 11 03.docx"
"2017-10-27 16:44:28",A32-2510/17(2.1.15-S14),Senamiesčio,"SENAMIESČIO SENIŪNIJOS TERITORIJOS PATIKRINIMO AKTAS 2017-10-27","Files/Senamiesčio/2017/10/27/47922834/TERITORIJOS PATIKRINIMO AKTAS 2017 10 27.pdf"
"2017-10-27 15:58:53",A32-2509/17(2.1.15-S14),Senamiesčio,"KONTEINERIŲ AIKŠTELIŲ SENAMIESČIO SENIŪNIJOJE
 PATIKRINIMO AKTAS 2017-10-27","Files/Senamiesčio/2017/10/27/47922292/KONTEINERINIŲ AIKŠTELIŲ PATIKRINIMO AKTAS 2017 10 27.docx"
"2017-10-20 14:42:31",A32-2456/17(2.1.15-S14),Senamiesčio,"SENAMIESČIO SENIŪNIJOS TERITORIJOS PATIKRINIMO AKTAS 2017-10-20","Files/Senamiesčio/2017/10/20/47847721/TERITORIJOS PATIKRINIMO AKTAS 2017 10 20.docx"
"2017-10-20 13:16:37",A32-2444/17(2.1.15-S14),Senamiesčio,"KONTEINERIŲ AIKŠTELIŲ SENAMIESČIO SENIŪNIJOJE
 PATIKRINIMO AKTAS 2017-10-20","Files/Senamiesčio/2017/10/20/47844660/KONTEINERIŲ PATIKRA 2017 10 20.pdf"
"2017-10-13 16:15:55",A32-2391/17(2.1.15-S14),Senamiesčio,"SENAMIESČIO SENIŪNIJOS TERITORIJOS PATIKRINIMO AKTAS 2017-10-13","Files/Senamiesčio/2017/10/13/47775107/TERITORIJOS PATIKRINIMO AKTAS 2017 10 13.docx"
"2017-10-13 15:20:10",A32-2390/17(2.1.15-S14),Senamiesčio,"KONTEINERIŲ AIKŠTELIŲ SENAMIESČIO SENIŪNIJOJE
 PATIKRINIMO AKTAS 2017-10-13","Files/Senamiesčio/2017/10/13/47774032/KONT PATIKRA 2017 10 13.pdf"
"2017-10-06 15:25:35",A32-2326/17(2.1.15-S14),Senamiesčio,"SENAMIESČIO SENIŪNIJOS TERITORIJOS PATIKRINIMO AKTAS 2017-10-06","Files/Senamiesčio/2017/10/06/47707249/TERITORIJOS PATIKRINIMO AKTAS 2017 10 06.docx"
"2017-10-06 15:06:14",A32-2325/17(2.1.15-S14),Senamiesčio,"KONTEINERIŲ AIKŠTELIŲ SENAMIESČIO SENIŪNIJOJE
 PATIKRINIMO AKTAS 2017-10-06","Files/Senamiesčio/2017/10/06/47706738/KONT PAT 2017 10 06.pdf"
"2017-12-20 13:42:50",A32-2989/17(2.1.15-S15),Šeškinės,"KOMUNALINIŲ ATLIEKŲ IR ANTRINIŲ ŽALIAVŲ KONTEINERIŲ AIKŠTELIŲ ŠEŠKINĖS SENIŪNIJOJE PATIKRINIMO AKTAS","Files/Šeškinės/2017/12/20/48490639/konteineriniu aiksteliu patikrinimo aktas 2017-12-20.docx"
"2017-12-19 13:45:34",A32-2961/17(2.1.15-S15),Šeškinės,"TERITORIJOS PATIKRINIMO AKTAS","Files/Šeškinės/2017/12/19/48475027/teritorijos patikrinimo aktas 2017-12-19.docx"
"2017-12-14 15:17:14",A32-2919/17(2.1.15-S15),Šeškinės,"TERITORIJOS PATIKRINIMO AKTAS","Files/Šeškinės/2017/12/14/48429293/teritorijos patikrinimo aktas 2017-12-14.docx"
"2017-12-05 15:00:22",A32-2841/17(2.1.15-S15),Šeškinės,"KOMUNALINIŲ ATLIEKŲ IR ANTRINIŲ ŽALIAVŲ KONTEINERIŲ AIKŠTELIŲ ŠEŠKINĖS SENIŪNIJOJE PATIKRINIMO AKTAS","Files/Šeškinės/2017/12/05/48310800/konteineriniu aiksteliu patikrinimo aktas 2017-12-05.docx"
"2017-12-01 09:27:49",A32-2808/17(2.1.15-S15),Šeškinės,"TERITORIJOS PATIKRINIMO AKTAS","Files/Šeškinės/2017/12/01/48270950/teritorijos patikrinimo aktas 2017-12-01.docx"
"2017-11-30 15:10:50",A32-2801/17(2.1.15-S15),Šeškinės,"KOMUNALINIŲ ATLIEKŲ IR ANTRINIŲ ŽALIAVŲ KONTEINERIŲ AIKŠTELIŲ ŠEŠKINĖS SENIŪNIJOJE PATIKRINIMO AKTAS","Files/Šeškinės/2017/11/30/48264341/konteineriniu aiksteliu patikrinimo aktas 2017-11-30.docx"
"2017-11-24 13:53:32",A32-2745/17(2.1.15-S15),Šeškinės,"TERITORIJOS PATIKRINIMO AKTAS","Files/Šeškinės/2017/11/24/48199980/teritorijos patikrinimo aktas 2017-11-24.docx"
"2017-11-24 12:55:54",A32-2741/17(2.1.15-S15),Šeškinės,"KOMUNALINIŲ ATLIEKŲ IR ANTRINIŲ ŽALIAVŲ KONTEINERIŲ AIKŠTELIŲ ŠEŠKINĖS SENIŪNIJOJE PATIKRINIMO AKTAS","Files/Šeškinės/2017/11/24/48198749/konteineriniu aiksteliu patikrinimo aktas 2017-11-24.docx"
"2017-11-15 10:35:22",A32-2648/17(2.1.15-S15),Šeškinės,"TERITORIJOS PATIKRINIMO AKTAS","Files/Šeškinės/2017/11/15/48091254/teritorijos patikrinimo aktas 2017-11-15.docx"
"2017-11-14 15:57:23",A32-2644/17(2.1.15-S15),Šeškinės,"KOMUNALINIŲ ATLIEKŲ IR ANTRINIŲ ŽALIAVŲ KONTEINERIŲ AIKŠTELIŲ ŠEŠKINĖS SENIŪNIJOJE PATIKRINIMO AKTAS","Files/Šeškinės/2017/11/14/48084216/konteineriniu aiksteliu patikrinimo aktas 2017-11-14.docx"
"2017-11-10 14:23:34",A32-2615/17(2.1.15-S15),Šeškinės,"TERITORIJOS PATIKRINIMO AKTAS","Files/Šeškinės/2017/11/10/48050922/teritorijos patikrinimo aktas 2017-11-10.docx"
"2017-11-10 13:56:50",A32-2613/17(2.1.15-S15),Šeškinės,"KOMUNALINIŲ ATLIEKŲ IR ANTRINIŲ ŽALIAVŲ KONTEINERIŲ AIKŠTELIŲ ŠEŠKINĖS SENIŪNIJOJE PATIKRINIMO AKTAS","Files/Šeškinės/2017/11/10/48049398/paberzes 6 popierius.jpg"
"2017-11-02 15:48:18",A32-2532/17(2.1.15-S15),Šeškinės,"TERITORIJOS PATIKRINIMO AKTAS","Files/Šeškinės/2017/11/02/47969036/teritorijos patikrinimo aktas 2017-11-02.docx"
"2017-11-02 15:24:51",A32-2531/17(2.1.15-S15),Šeškinės,"KOMUNALINIŲ ATLIEKŲ IR ANTRINIŲ ŽALIAVŲ KONTEINERIŲ AIKŠTELIŲ ŠEŠKINĖS SENIŪNIJOJE PATIKRINIMO AKTAS","Files/Šeškinės/2017/11/02/47968339/konteineriniu aiksteliu patikrinimo aktas 2017-11-02.docx"
"2017-10-18 08:22:36",A32-2412/17(2.1.15-S15),Šeškinės,"KOMUNALINIŲ ATLIEKŲ IR ANTRINIŲ ŽALIAVŲ KONTEINERIŲ AIKŠTELIŲ ŠEŠKINĖS SENIŪNIJOJE PATIKRINIMO AKTAS","Files/Šeškinės/2017/10/18/47810490/konteineriniu aiksteliu patikrinimo aktas 2017-10-18.docx"
"2017-10-13 14:13:34",A32-2386/17(2.1.15-S15),Šeškinės,"KOMUNALINIŲ ATLIEKŲ IR ANTRINIŲ ŽALIAVŲ KONTEINERIŲ AIKŠTELIŲ ŠEŠKINĖS SENIŪNIJOJE PATIKRINIMO AKTAS","Files/Šeškinės/2017/10/13/47772707/konteineriniu aiksteliu patikrinimo aktas 2017-10-13.docx"
"2017-10-05 15:36:41",A32-2308/17(2.1.15-S15),Šeškinės,"TERITORIJOS PATIKRINIMO AKTAS","Files/Šeškinės/2017/10/05/47693493/teritorijos patikrinimo aktas 2017-10-05.docx"
"2017-10-05 14:46:57",A32-2306/17(2.1.15-S15),Šeškinės,"KOMUNALINIŲ ATLIEKŲ IR ANTRINIŲ ŽALIAVŲ KONTEINERIŲ AIKŠTELIŲ ŠEŠKINĖS SENIŪNIJOJE PATIKRINIMO AKTAS","Files/Šeškinės/2017/10/05/47691747/laisves 65a.jpg"
"2017-12-22 13:06:30",A32-3042/17(2.1.15-S16),Šnipiškių,"TERITORIJOS PATIKRINIMO AKTAS ŠNIPIŠKIŲ SENIŪNIJOJE 2017-12-22 D.","Files/Šnipiškių/2017/12/22/48520462/Teritorijos patikrinimo aktas 2017-12-22.docx"
"2017-12-20 14:48:08",A32-2999/17(2.1.15-S16),Šnipiškių,"TERITORIJOS PATIKRINIMO AKTAS ŠNIPIŠKIŲ SENIŪNIJOJE 2017-12-20 D.","Files/Šnipiškių/2017/12/20/48492761/Teritorijos patikrinimo aktas 2017-12-20.docx"
"2017-12-20 10:04:43",A32-2974/17(2.1.15-S16),Šnipiškių,"TERITORIJOS PATIKRINIMO AKTAS ŠNIPIŠKIŲ SENIŪNIJOJE 2017-12-20 D.","Files/Šnipiškių/2017/12/20/48485859/Teritorijos patikrinimo aktas 2017-12-20.docx"
"2017-12-12 14:22:16",A32-2895/17(2.1.15-S16),Šnipiškių,"KOMUNALINIŲ ATLIEKŲ IR ANTRINIŲ ŽALIAVŲ KONTEINERINIŲ AIKŠTELIŲ ŠNIPIŠKIŲ SENIŪNIJOJE PATIKRINIMO AKTAS 2017-12-12 D.","Files/Šnipiškių/2017/12/12/48393936/Konteinerinių aikštelių   patikrinimo aktas 2017-12-12.docx"
"2017-12-12 13:25:46",A32-2892/17(2.1.15-S16),Šnipiškių,"TERITORIJOS PATIKRINIMO AKTAS ŠNIPIŠKIŲ SENIŪNIJOJE 2017-12-12 D.","Files/Šnipiškių/2017/12/12/48392167/Teritorijos patikrinimo aktas 2017-12-12.docx"
"2017-12-05 14:47:21",A32-2839/17(2.1.15-S16),Šnipiškių,"ŠNIPIŠKIŲ SENIŪNIJOS TERITORIJOS PATIKRINIMO AKTAS 2017-12-05 D.","Files/Šnipiškių/2017/12/05/48310627/Teritorijos patikrinimo aktas 2017-12-05.docx"
"2017-12-05 14:16:49",A32-2838/17(2.1.15-S16),Šnipiškių,"KOMUNALINIŲ ATLIEKŲ IR ANTRINIŲ ŽALIAVŲ KONTEINERINIŲ AIKŠTELIŲ ŠNIPIŠKIŲ SENIŪNIJOJE PATIKRINIMO AKTAS 2017-12-05 D.","Files/Šnipiškių/2017/12/05/48309672/Konteinerinių aikštelių   patikrinimo aktas 2017-12-05.docx"
"2017-11-29 12:06:14",A32-2788/17(2.1.15-S16),Šnipiškių,"ŠNIPIŠKIŲ SENIŪNIJOS TERITORIJOS PATIKRINIMO AKTAS 2017-11-29 D.","Files/Šnipiškių/2017/11/29/48245422/Teritorijos patikrinimo aktas 2017-11-29.docx"
"2017-11-29 12:01:24",A32-2787/17(2.1.15-S16),Šnipiškių,"KOMUNALINIŲ ATLIEKŲ IR ANTRINIŲ ŽALIAVŲ KONTEINERINIŲ AIKŠTELIŲ ŠNIPIŠKIŲ SENIŪNIJOJE PATIKRINIMO AKTAS 2017-11-29 D.","Files/Šnipiškių/2017/11/29/48245302/Konteinerinių aikštelių   patikrinimo aktas 2017-11-29.docx"
"2017-11-10 13:36:20",A32-2610/17(2.1.15-S16),Šnipiškių,"KOMUNALINIŲ ATLIEKŲ IR ANTRINIŲ ŽALIAVŲ KONTEINERINIŲ AIKŠTELIŲ ŠNIPIŠKIŲ SENIŪNIJOJE PATIKRINIMO AKTAS 2017-11-10 D.","Files/Šnipiškių/2017/11/10/48049476/Konteinerinių aikštelių   patikrinimo aktas 2017-11-10.docx"
"2017-11-08 13:23:42",A32-2583/17(2.1.15-S16),Šnipiškių,"TERITORIJOS PATIKRINIMO AKTAS ŠNIPIŠKIŲ SENIŪNIJOJE 2017-11-08 D.","Files/Šnipiškių/2017/11/08/48021352/Teritorijos patikrinimo aktas 2017-11-08.docx"
"2017-11-02 11:24:48",A32-2524/17(2.1.15-S16),Šnipiškių,"KOMUNALINIŲ ATLIEKŲ IR ANTRINIŲ ŽALIAVŲ KONTEINERINIŲ AIKŠTELIŲ ŠNIPIŠKIŲ SENIŪNIJOJE PATIKRINIMO AKTAS 2017-11-02 D.","Files/Šnipiškių/2017/11/02/47962924/Konteinerinių aikštelių   patikrinimo aktas 2017-11-02.docx"
"2017-10-26 14:29:39",A32-2480/17(2.1.15-S16),Šnipiškių,"ŠNIPIŠKIŲ SENIŪNIJOS TERITORIJOS PATIKRINIMO AKTAS 2017-10-26 D.","Files/Šnipiškių/2017/10/26/47905572/Teritorijos patikrinimo aktas 2017-10-26.docx"
"2017-10-26 13:58:48",A32-2478/17(2.1.15-S16),Šnipiškių,"KOMUNALINIŲ ATLIEKŲ IR ANTRINIŲ ŽALIAVŲ KONTEINERINIŲ AIKŠTELIŲ ŠNIPIŠKIŲ SENIŪNIJOJE PATIKRINIMO AKTAS 2017-10-26 D.","Files/Šnipiškių/2017/10/26/47904770/Konteinerinių aikštelių   patikrinimo aktas 2017-10-26.docx"
"2017-10-20 14:09:02",A32-2452/17(2.1.15-S16),Šnipiškių,"ŠNIPIŠKIŲ SENIŪNIJOS TERITORIJOS PATIKRINIMO AKTAS 2017-10-20 D.","Files/Šnipiškių/2017/10/20/47846466/Teritorijos patikrinimo aktas 2017-10-20.docx"
"2017-10-20 13:49:09",A32-2447/17(2.1.15-S16),Šnipiškių,"KOMUNALINIŲ ATLIEKŲ IR ANTRINIŲ ŽALIAVŲ KONTEINERIŲ AIKŠTELIŲ ŠNIPIŠKIŲ SENIŪNIJOJE PATIKRINIMO AKTAS 2017-10-20 D.","Files/Šnipiškių/2017/10/20/47845710/Konteinerinių aikštelių   patikrinimo aktas 2017-10-20.docx"
"2017-10-10 14:50:27",A32-2348/17(2.1.15-S16),Šnipiškių,"TERITORIJOS PATIKRINIMO AKTAS 2017-10-10 D.","Files/Šnipiškių/2017/10/10/47733168/Teritorijos patikrinimo aktas 2017-10-10.docx"
"2017-12-29 11:43:10",A32-3125/17(2.1.15-S17),Vilkpėdės,"KOMUNALINIŲ ATLIEKŲ IR ANTRINIŲ ŽALIAVŲ KONTEINERIŲ AIKŠTELIŲ VILKPĖDĖS SENIŪNIJOJE
2017-12-28 PATIKRINIMO AKTAS","Files/Vilkpėdės/2017/12/29/48560754/Atliekų konteinerių ir jų pastatymo vietos būklės AKTAS 4 2017 12 28_.docx"
"2017-12-29 10:30:57",A32-3123/17(2.1.15-S17),Vilkpėdės,"VILKPĖDĖS SENIŪNIJOS TERITORIJOS 2017-12-28 PATIKRINIMO AKTAS","Files/Vilkpėdės/2017/12/29/48558767/Teritorijos patikrinimo AKTAS 1_2017-12-28.docx"
"2017-12-20 16:44:01",A32-3017/17(2.1.15-S17),Vilkpėdės,"KOMUNALINIŲ ATLIEKŲ IR ANTRINIŲ ŽALIAVŲ KONTEINERIŲ AIKŠTELIŲ VILKPĖDĖS SENIŪNIJOJE
 PATIKRINIMO AKTAS","Files/Vilkpėdės/2017/12/20/48496022/Atliekų konteinerių ir jų pastatymo vietos būklės AKTAS 4 2017 12 20.docx"
"2017-12-19 18:05:33",A32-2967/17(2.1.15-S17),Vilkpėdės,"VILKPĖDĖS SENIŪNIJOS 
TERITORIJOS PATIKRINIMO 2017-12-19 AKTAS","Files/Vilkpėdės/2017/12/19/48480734/Teritorijos patikrinimo AKTAS 1_2017-12-19.docx"
"2017-12-15 15:51:41",A32-2940/17(2.1.15-S17),Vilkpėdės,"KOMUNALINIŲ ATLIEKŲ IR ANTRINIŲ ŽALIAVŲ KONTEINERIŲ AIKŠTELIŲ VILKPĖDĖS SENIŪNIJOJE
 PATIKRINIMO AKTAS","Files/Vilkpėdės/2017/12/15/48446304/Atliekų konteinerių ir jų pastatymo vietos būklės AKTAS 4 2017 12 15.docx"
"2017-12-13 16:56:02",A32-2908/17(2.1.15-S17),Vilkpėdės,"VILKPĖDĖS SENIŪNIJOS TERITORIJOS 2017-12-13 PATIKRINIMO AKTAS","Files/Vilkpėdės/2017/12/13/48415507/Teritorijos patikrinimo AKTAS 1_2017-12-13.docx"
"2017-12-13 14:23:41",A32-2904/17(2.1.15-S17),Vilkpėdės,"INFORMACIJA DĖL LAPŲ IŠVEŽIMO","Files/Vilkpėdės/2017/12/13/48409573/Lapai 2017 12 13.docx"
"2017-12-05 17:22:23",A32-2843/17(2.1.15-S17),Vilkpėdės,"KOMUNALINIŲ ATLIEKŲ IR ANTRINIŲ ŽALIAVŲ KONTEINERIŲ AIKŠTELIŲ VILKPĖDĖS SENIŪNIJOJE
 PATIKRINIMO AKTAS (2017-12-05)","Files/Vilkpėdės/2017/12/05/48314157/Atliekų konteinerių ir jų pastatymo vietos būklės AKTAS 4 2017 12 05.docx"
"2017-12-05 16:35:00",A32-2842/17(2.1.15-S17),Vilkpėdės,"VILKPĖDĖS SENIŪNIJOS 
TERITORIJOS PATIKRINIMO AKTAS (2017-12-05)","Files/Vilkpėdės/2017/12/05/48313355/Teritorijos patikrinimo AKTAS 1_2017-12-04.docx"
"2017-11-27 08:06:44",A32-2753/17(2.1.15-S17),Vilkpėdės,"KOMUNALINIŲ ATLIEKŲ IR ANTRINIŲ ŽALIAVŲ KONTEINERIŲ AIKŠTELIŲ VILKPĖDĖS SENIŪNIJOJE
 PATIKRINIMO AKTAS (2017-11-24)","Files/Vilkpėdės/2017/11/27/48207401/Atliekų konteinerių ir jų pastatymo vietos būklės AKTAS 4 2017 11 24.docx"
"2017-11-27 08:00:51",A32-2752/17(2.1.15-S17),Vilkpėdės,"VILKPĖDĖS SENIŪNIJOS 
TERITORIJOS PATIKRINIMO AKTAS (2017-11-24)","Files/Vilkpėdės/2017/11/27/48207243/Teritorijos patikrinimo AKTAS 1_2017-11-24.docx"
"2017-11-21 09:01:36",A32-2707/17(2.1.15-S17),Vilkpėdės,"VILKPĖDĖS SENIŪNIJOS TERITORIJOS SĄVARTYNŲ DEFEKTINIS AKTAS 2017-11-20","Files/Vilkpėdės/2017/11/21/48149976/2017 11 20 Sąvartynų defektinis AKTAS 2.docx"
"2017-11-17 15:09:16",A32-2694/17(2.1.15-S17),Vilkpėdės,"KOMUNALINIŲ ATLIEKŲ IR ANTRINIŲ ŽALIAVŲ KONTEINERIŲ AIKŠTELIŲ VILKPĖDĖS SENIŪNIJOJE
 PATIKRINIMO AKTAS 2017-11-17","Files/Vilkpėdės/2017/11/17/48127365/Atliekų konteinerių ir jų pastatymo vietos būklės AKTAS 4 2017 11 17.docx"
"2017-11-17 15:04:25",A32-2692/17(2.1.15-S17),Vilkpėdės,"VILKPĖDĖS SENIŪNIJOS 
TERITORIJOS PATIKRINIMO AKTAS 2017-11-17","Files/Vilkpėdės/2017/11/17/48127219/Teritorijos patikrinimo AKTAS 1_2017-11-17.docx"
"2017-11-10 14:34:52",A32-2619/17(2.1.15-S17),Vilkpėdės,"KOMUNALINIŲ ATLIEKŲ IR ANTRINIŲ ŽALIAVŲ KONTEINERIŲ AIKŠTELIŲ VILKPĖDĖS SENIŪNIJOJE
 PATIKRINIMO AKTAS 2017-11-10","Files/Vilkpėdės/2017/11/10/48051550/Atliekų konteinerių ir jų pastatymo vietos būklės AKTAS 4 2017 11 10.docx"
"2017-11-10 14:27:05",A32-2617/17(2.1.15-S17),Vilkpėdės,"VILKPĖDĖS SENIŪNIJOS 
TERITORIJOS PATIKRINIMO AKTAS 2017-11-10","Files/Vilkpėdės/2017/11/10/48051113/Teritorijos patikrinimo AKTAS 1_2017-11-10.docx"
"2017-11-03 14:39:36",A32-2557/17(2.1.15-S17),Vilkpėdės,"KOMUNALINIŲ ATLIEKŲ IR ANTRINIŲ ŽALIAVŲ KONTEINERIŲ AIKŠTELIŲ VILKPĖDĖS SENIŪNIJOJE
 PATIKRINIMO AKTAS 2017-11-03","Files/Vilkpėdės/2017/11/03/47981437/Atliekų konteinerių ir jų pastatymo vietos būklės AKTAS 4 2017 11 03.docx"
"2017-11-03 14:34:47",A32-2556/17(2.1.15-S17),Vilkpėdės,"VILKPĖDĖS SENIŪNIJOS 
TERITORIJOS PATIKRINIMO AKTAS 2017-11-03","Files/Vilkpėdės/2017/11/03/47981200/Teritorijos patikrinimo AKTAS 1_2017-11-03.docx"
"2017-10-27 15:19:55",A32-2508/17(2.1.15-S17),Vilkpėdės,"KOMUNALINIŲ ATLIEKŲ IR ANTRINIŲ ŽALIAVŲ KONTEINERIŲ AIKŠTELIŲ VILKPĖDĖS SENIŪNIJOJE
 PATIKRINIMO AKTAS (2017 10 27)","Files/Vilkpėdės/2017/10/27/47921786/Atliekų konteinerių ir jų pastatymo vietos būklės AKTAS 4 2017 10 27.docx"
"2017-10-27 15:00:19",A32-2506/17(2.1.15-S17),Vilkpėdės,"VILKPĖDĖS SENIŪNIJOS TERITORIJOS PATIKRINIMO AKTAS (2017 10 27)","Files/Vilkpėdės/2017/10/27/47921481/Teritorijos patikrinimo AKTAS 1_2017-10-27.docx"
"2017-10-20 13:57:40",A32-2448/17(2.1.15-S17),Vilkpėdės,"VILKPĖDĖS SENIŪNIJOS 
TERITORIJOS PATIKRINIMO AKTAS","Files/Vilkpėdės/2017/10/20/47845821/Teritorijos patikrinimo AKTAS 1_2017-10-20.docx"
"2017-10-20 13:41:08",A32-2446/17(2.1.15-S17),Vilkpėdės,"KOMUNALINIŲ ATLIEKŲ IR ANTRINIŲ ŽALIAVŲ KONTEINERIŲ AIKŠTELIŲ VILKPĖDĖS SENIŪNIJOJE PATIKRINIMO AKTAS","Files/Vilkpėdės/2017/10/20/47845430/Atliekų konteinerių ir jų pastatymo vietos būklės AKTAS 4 2017 10 20.docx"
"2017-10-13 17:04:03",A32-2394/17(2.1.15-S17),Vilkpėdės,"KOMUNALINIŲ ATLIEKŲ IR ANTRINIŲ ŽALIAVŲ KONTEINERIŲ AIKŠTELIŲ VILKPĖDĖS SENIŪNIJOS TERITORIJOJE PATIKRINIMO AKTAS (2017-10-13)",Files/Vilkpėdės/2017/10/13/47775332/20171016135807799.pdf
"2017-10-13 16:59:28",A32-2393/17(2.1.15-S17),Vilkpėdės,"VILKPĖDĖS SENIŪNIJOS TERITORIJOS PATIKRINIMO AKTAS (2017-10-13)",Files/Vilkpėdės/2017/10/13/47775311/20171016134948142.pdf
"2017-10-10 16:39:52",A32-2353/17(2.1.15-S17),Vilkpėdės,"VILKPĖDĖS SENIŪNIJOS TERITORIJOS 2017-10-10 DEFEKTINIS AKTAS",Files/Vilkpėdės/2017/10/10/47735668/20171010152504299.pdf
"2017-10-06 16:04:41",A32-2331/17(2.1.15-S17),Vilkpėdės,"KOMUNALINIŲ ATLIEKŲ IR ANTRINIŲ ŽALIAVŲ KONTEINERIŲ AIKŠTELIŲ VILKPĖDĖS SENIŪNIJOJE
 PATIKRINIMO 2017-10-06 AKTAS","Files/Vilkpėdės/2017/10/06/47707714/Atliekų konteinerių ir jų pastatymo vietos būklės AKTAS 4 2017 10 06.docx"
"2017-10-06 15:46:30",A32-2330/17(2.1.15-S17),Vilkpėdės,"VILKPĖDĖS SENIŪNIJOS 
TERITORIJOS 2017-10-06 PATIKRINIMO AKTAS","Files/Vilkpėdės/2017/10/06/47707576/Teritorijos patikrinimo AKTAS 1_2017-10-06.docx"
"2017-12-29 09:40:39",A32-3122/17(2.1.15-S18),Verkių,"VERKIŲ SENIŪNIJOS TERITORIJOS PATIKRINIMO AKTAS","Files/Verkių/2017/12/29/48558198/Teritorijos+patikrinimo+aktas 2017 12 29.docx"
"2017-12-29 09:14:54",A32-3120/17(2.1.15-S18),Verkių,"KOMUNALINIŲ ATLIEKŲ IR ANTRINIŲ ŽALIAVŲ KONTEINERIŲ AIKŠTELIŲ VERKIŲ SENIŪNIJOJE
PATIKRINIMO AKTAS","Files/Verkių/2017/12/29/48557403/Verkių seniūnijos Komunalinių atliekų ir antrinių žaliavų aikštelių patikrinimo aktas 2017-12-29.docx"
"2017-12-21 14:31:40",A32-3036/17(2.1.15-S18),Verkių,"KOMUNALINIŲ ATLIEKŲ IR ANTRINIŲ ŽALIAVŲ KONTEINERIŲ AIKŠTELIŲ VERKIŲ SENIŪNIJOJE
 PATIKRINIMO AKTAS","Files/Verkių/2017/12/21/48507291/Verkių seniūnijos Komunalinių atliekų ir antrinių žaliavų aikštelių patikrinimo aktas 2017-12-20.docx"
"2017-12-18 14:29:07",A32-2948/17(2.1.15-S18),Verkių,"VERKIŲ SENIŪNIJOS TERITORIJOS PATIKRINIMO AKTAS","Files/Verkių/2017/12/18/48461037/Teritorijos+patikrinimo+aktas 2017 12 18.docx"
"2017-12-12 14:21:57",A32-2894/17(2.1.15-S18),Verkių,"KOMUNALINIŲ ATLIEKŲ IR ANTRINIŲ ŽALIAVŲ KONTEINERIŲ AIKŠTELIŲ VERKIŲ SENIŪNIJOJE
 PATIKRINIMO AKTAS","Files/Verkių/2017/12/12/48393783/Maumedžių g. 25 III.jpg"
"2017-12-12 09:16:07",A121-28056/17(2.1.15-S18),Verkių,"DĖL VERKIŲ SENIŪNIJOS ŽELDYNŲ TVARKYMO","Files/Verkių/2017/12/12/48384403/Rugių - Baltupio g..jpg"
"2017-12-08 15:04:05",A32-2884/17(2.1.15-S18),Verkių,"TERITORIJOS PATIKRINIMO AKTAS","Files/Verkių/2017/12/08/48361130/Teritorijos+patikrinimo+aktas 2017 12 08.docx"
"2017-12-05 10:44:34",A32-2837/17(2.1.15-S18),Verkių,"KOMUNALINIŲ ATLIEKŲ IR ANTRINIŲ ŽALIAVŲ KONTEINERIŲ AIKŠTELIŲ VERKIŲ SENIŪNIJOJE
PATIKRINIMO AKTAS","Files/Verkių/2017/12/05/48305334/Verkių seniūnijos Komunalinių atliekų ir antrinių žaliavų aikštelių patikrinimo aktas 2017-12-05.docx"
"2017-12-01 13:45:31",A32-2817/17(2.1.15-S18),Verkių,"TERITORIJOS PATIKRINIMO AKTAS","Files/Verkių/2017/12/01/48277391/Teritorijos+patikrinimo+aktas 20171201.docx"
"2017-11-27 16:07:17",A32-2769/17(2.1.15-S18),Verkių,"KOMUNALINIŲ ATLIEKŲ IR ANTRINIŲ ŽALIAVŲ KONTEINERIŲ AIKŠTELIŲ VERKIŲ SENIŪNIJOJE
PATIKRINIMO AKTAS","Files/Verkių/2017/11/27/48219788/Verkių seniūnijos Komunalinių atliekų ir antrinių žaliavų aikštelių patikrinimo aktas 2017-11-27.docx"
"2017-11-24 11:29:43",A32-2737/17(2.1.15-S18),Verkių,"VERKIŲ SENIŪNIJOS TERITORIJOS PATIKRINIMO AKTAS","Files/Verkių/2017/11/24/48197567/Teritorijos+patikrinimo+aktas 2017 1124.docx"
"2017-11-20 15:07:16",A32-2703/17(2.1.15-S18),Verkių,"Verkių seniūnijos susisiekimo komunikacijų būklės
AKTAS","Files/Verkių/2017/11/20/48143056/Susisiekimo+komunikacijų būklės aktas 2017-11 - 20.docx"
"2017-11-20 14:44:38",A32-2702/17(2.1.15-S18),Verkių,"KOMUNALINIŲ ATLIEKŲ IR ANTRINIŲ ŽALIAVŲ KONTEINERIŲ AIKŠTELIŲ VERKIŲ SENIŪNIJOJE
 PATIKRINIMO AKTAS","Files/Verkių/2017/11/20/48142834/Verkių seniūnijos Komunalinių atliekų ir antrinių žaliavų aikštelių patikrinimo aktas 2017-11-20.docx"
"2017-11-17 14:36:49",A32-2691/17(2.1.15-S18),Verkių,"TERITORIJOS PATIKRINIMO AKTAS","Files/Verkių/2017/11/17/48126620/Teritorijos+patikrinimo+aktas 2017 11 17.docx"
"2017-11-13 09:25:43",A32-2628/17(2.1.15-S18),Verkių,"KOMUNALINIŲ ATLIEKŲ IR ANTRINIŲ ŽALIAVŲ KONTEINERIŲ AIKŠTELIŲ VERKIŲ SENIŪNIJOJE
PATIKRINIMO AKTAS","Files/Verkių/2017/11/13/48058521/Verkių seniūnijos Komunalinių atliekų ir antrinių žaliavų aikštelių patikrinimo aktas 2017-11-13.docx"
"2017-11-10 14:17:58",A121-25202/17(2.1.15-S18),Verkių,"VERKIŲ SENIŪNIJOS TERITORIJOS PATIKRINIMO AKTAS","Files/Verkių/2017/11/10/48050881/Teritorijos+patikrinimo+aktas 2017 11 10.docx"
"2017-11-03 10:54:41",A32-2539/17(2.1.15-S18),Verkių,"VERKIŲ SENIŪNIJOS TERITORIJOS PATIKRINIMO AKTAS",Files/Verkių/2017/11/03/47976661/20171102_140807.jpg
"2017-11-03 10:38:39",A32-2538/17(2.1.15-S18),Verkių,"Verkių seniūnijos susisiekimo komunikacijų būklės
AKTAS",Files/Verkių/2017/11/03/47976187/20171030_140633.jpg
"2017-11-03 10:16:30",A32-2536/17(2.1.15-S18),Verkių,"KOMUNALINIŲ ATLIEKŲ IR ANTRINIŲ ŽALIAVŲ KONTEINERIŲ AIKŠTELIŲ VERKIŲ SENIŪNIJOJE
PATIKRINIMO AKTAS","Files/Verkių/2017/11/03/47975467/Bajorų kel. 11 (2).jpg"
"2017-10-26 11:56:44",A32-2475/17(2.1.15-S18),Verkių,"VERKIŲ SENIŪNIJOS TERITORIJOS PATIKRINIMO AKTAS",Files/Verkių/2017/10/26/47902445/20171024_104602.jpg
"2017-10-26 11:44:10",A32-2474/17(2.1.15-S18),Verkių,"KOMUNALINIŲ ATLIEKŲ IR ANTRINIŲ ŽALIAVŲ KONTEINERIŲ AIKŠTELIŲ VERKIŲ SENIŪNIJOJE
 PATIKRINIMO AKTAS","Files/Verkių/2017/10/26/47902256/Verkių seniūnijos Komunalinių atliekų ir antrinių žaliavų aikštelių patikrinimo aktas 2017-10-26.docx"
"2017-10-26 10:16:12",A32-2473/17(2.1.15-S18),Verkių,"Verkių seniūnijos susisiekimo komunikacijų būklės
AKTAS","Files/Verkių/2017/10/26/47899248/Susisiekimo+komunikacijų būklės aktas 2017-10-26.docx"
"2017-10-19 13:04:42",A32-2432/17(2.1.15-S18),Verkių,"Verkių seniūnijos susisiekimo komunikacijų būklės
AKTAS","Files/Verkių/2017/10/19/47832261/Susisiekimo+komunikacijų būklės aktas 2017-10-19.docx"
"2017-10-19 10:57:27",A32-2428/17(2.1.15-S18),Verkių,"KOMUNALINIŲ ATLIEKŲ IR ANTRINIŲ ŽALIAVŲ KONTEINERIŲ AIKŠTELIŲ VERKIŲ SENIŪNIJOJE
PATIKRINIMO AKTAS","Files/Verkių/2017/10/19/47830065/Maumedžių 25.jpg"
"2017-10-19 10:23:57",A32-2427/17(2.1.15-S18),Verkių,"VERKIŲ SENIŪNIJOS TERITORIJOS PATIKRINIMO AKTAS","Files/Verkių/2017/10/19/47829297/Teritorijos+patikrinimo+aktas 2017 10 19.docx"
"2017-10-12 10:24:15",A32-2362/17(2.1.15-S18),Verkių,"Verkių seniūnijos susisiekimo komunikacijų būklės
AKTAS","Files/Verkių/2017/10/12/47754576/Teritorijos+patikrinimo+aktas 2017 10 11.docx"
"2017-10-11 16:22:35",A32-2358/17(2.1.15-S18),Verkių,"KOMUNALINIŲ ATLIEKŲ IR ANTRINIŲ ŽALIAVŲ KONTEINERIŲ AIKŠTELIŲ VERKIŲ SENIŪNIJOJE
 PATIKRINIMO AKTAS","Files/Verkių/2017/10/11/47748892/Verkių seniūnijos Komunalinių atliekų ir antrinių žaliavų aikštelių patikrinimo aktas 2017-10-11.docx"
"2017-10-11 15:56:25",A32-2357/17(2.1.15-S18),Verkių,"VERKIŲ SENIŪNIJOS TERITORIJOS PATIKRINIMO AKTAS","Files/Verkių/2017/10/11/47748308/Teritorijos+patikrinimo+aktas 2017 10 11.docx"
"2017-10-04 09:56:57",A32-2294/17(2.1.15-S18),Verkių,"VERKIŲ SENIŪNIJOS TERITORIJOS PATIKRINIMO AKTAS","Files/Verkių/2017/10/04/47671842/Teritorijos+patikrinimo+aktas 2017 10 04.docx"
"2017-10-03 16:15:30",A32-2290/17(2.1.15-S18),Verkių,"KOMUNALINIŲ ATLIEKŲ IR ANTRINIŲ ŽALIAVŲ KONTEINERIŲ AIKŠTELIŲ VERKIŲ SENIŪNIJOJE
 PATIKRINIMO AKTAS","Files/Verkių/2017/10/03/47666304/1 Verkių seniūnijos Komunalinių atliekų ir antrinių žaliavų aikštelių patikrinimo aktas 2017-10-03.docx"
"2017-10-03 15:52:37",A32-2289/17(2.1.15-S18),Verkių,"VERKIŲ SENIŪNIJOS SUSISIEKIMO KOMUNIKACIJŲ PATIKRINIMO AKTAS","Files/Verkių/2017/10/03/47666169/Susisiekimo+komunikacijų būklės aktas 2017-10-03.docx"
"2017-10-05 08:19:43",A475-2680/17(2.1.15-S19),Viršuliškių,"2017 M. SPALIO MĖN. NVŠ PROGRAMOS SĄMATA VŠĮ ,,ATEITIES ČEMPIONAI""","Files/Viršuliškių/2017/10/05/47683576/Ateities cempionai.xlsx"
"2017-12-20 13:18:47",A32-2988/17(2.1.15-S20),Žirmūnų,"KOMUNALINIŲ ATLIEKŲ IR ANTRINIŲ ŽALIAVŲ KONTEINERIŲ AIKŠTELIŲ ŽIRMŪNŲ SENIŪNIJOJE
	 PATIKRINIMO AKTAS",Files/Žirmūnų/2017/12/20/48490180/2017-12-20.docx
"2017-12-19 13:20:40",A32-2958/17(2.1.15-S20),Žirmūnų,"PATIKRINIMO AKTAS (ŽIRMŪNAI2)","Files/Žirmūnų/2017/12/19/48474520/patikrinimo aktas 2017-12-19(2).doc"
"2017-12-19 13:01:22",A32-2956/17(2.1.15-S20),Žirmūnų,"PATIKRINIMO AKTAS (ŽIRMŪNAI)","Files/Žirmūnų/2017/12/19/48473987/patikrinimo aktas 2017-12-19 (1).doc"
"2017-12-14 15:25:07",A32-2921/17(2.1.15-S20),Žirmūnų,"KOMUNALINIŲ ATLIEKŲ IR ANTRINIŲ ŽALIAVŲ KONTEINERIŲ AIKŠTELIŲ ŽIRMŪNŲ SENIŪNIJOJE
	 PATIKRINIMO AKTAS",Files/Žirmūnų/2017/12/14/48429609/2017-12-14.docx
"2017-12-14 15:18:06",A32-2920/17(2.1.15-S20),Žirmūnų,"PATIKRINIMO AKTAS (ŽIRMŪNAI)","Files/Žirmūnų/2017/12/14/48429382/patikrinimo aktas 2017-12-13(2).doc"
"2017-12-13 15:29:19",A32-2906/17(2.1.15-S20),Žirmūnų,"PATIKRINIMO AKTAS (ŽIRMŪNAI)","Files/Žirmūnų/2017/12/13/48412285/patikrinimo aktas 2017-12-13.doc"
"2017-12-08 12:34:05",A32-2872/17(2.1.15-S20),Žirmūnų,"KOMUNALINIŲ ATLIEKŲ IR ANTRINIŲ ŽALIAVŲ KONTEINERIŲ AIKŠTELIŲ ŽIRMŪNŲ SENIŪNIJOJE
	 PATIKRINIMO AKTAS",Files/Žirmūnų/2017/12/08/48355759/2017-12-08.docx
"2017-11-28 15:19:38",A32-2778/17(2.1.15-S20),Žirmūnų,"KOMUNALINIŲ ATLIEKŲ IR ANTRINIŲ ŽALIAVŲ KONTEINERIŲ AIKŠTELIŲ ŽIRMŪNŲ SENIŪNIJOJE
	 PATIKRINIMO AKTAS",Files/Žirmūnų/2017/11/28/48234865/2017-11-28.docx
"2017-11-24 12:55:06",A32-2740/17(2.1.15-S20),Žirmūnų,"KOMUNALINIŲ ATLIEKŲ IR ANTRINIŲ ŽALIAVŲ KONTEINERIŲ AIKŠTELIŲ ŽIRMŪNŲ SENIŪNIJOJE
	 PATIKRINIMO AKTAS",Files/Žirmūnų/2017/11/24/48198945/2017-11-24.docx
"2017-11-24 12:53:15",A32-2739/17(2.1.15-S20),Žirmūnų,"PATIKRINIMO AKTAS (ŽIRMŪNAI)","Files/Žirmūnų/2017/11/24/48198921/patikrinimo aktas 2017-11-24.doc"
"2017-11-17 14:30:18",A32-2689/17(2.1.15-S20),Žirmūnų,"PATIKRINIMO AKTAS (ŽIRMŪNAI)","Files/Žirmūnų/2017/11/17/48126411/patikrinimo aktas 2017-11-17.doc"
"2017-11-09 14:16:57",A32-2597/17(2.1.15-S20),Žirmūnų,"PATIKRINIMO AKTAS (ŽIRMŪNAI)","Files/Žirmūnų/2017/11/09/48036632/patikrinimo aktas 2017-11-09.doc"
"2017-11-08 15:03:17",A32-2585/17(2.1.15-S20),Žirmūnų,"PATIKRINIMO AKTAS (ŽIRMŪNAI)","Files/Žirmūnų/2017/11/08/48023884/patikrinimo aktas 2017-11-08.doc"
"2017-11-08 13:23:34",A32-2582/17(2.1.15-S20),Žirmūnų,"KOMUNALINIŲ ATLIEKŲ IR ANTRINIŲ ŽALIAVŲ KONTEINERIŲ AIKŠTELIŲ ŽIRMŪNŲ SENIŪNIJOJE
	 PATIKRINIMO AKTAS",Files/Žirmūnų/2017/11/08/48021400/2017-11-08.docx
"2017-10-24 14:09:06",A32-2467/17(2.1.15-S20),Žirmūnų,"KOMUNALINIŲ ATLIEKŲ IR ANTRINIŲ ŽALIAVŲ KONTEINERIŲ AIKŠTELIŲ ŽIRMŪNŲ SENIŪNIJOJE
	 PATIKRINIMO AKTAS",Files/Žirmūnų/2017/10/24/47877914/2017-10-24.docx
"2017-10-18 15:51:05",A32-2422/17(2.1.15-S20),Žirmūnų,"KOMUNALINIŲ ATLIEKŲ IR ANTRINIŲ ŽALIAVŲ KONTEINERIŲ AIKŠTELIŲ ŽIRMŪNŲ SENIŪNIJOJE
	 PATIKRINIMO AKTAS",Files/Žirmūnų/2017/10/18/47822547/2017-10-18.docx
"2017-10-10 16:24:58",A32-2352/17(2.1.15-S20),Žirmūnų,"KOMUNALINIŲ ATLIEKŲ IR ANTRINIŲ ŽALIAVŲ KONTEINERIŲ AIKŠTELIŲ ŽIRMŪNŲ SENIŪNIJOJE
	 PATIKRINIMO AKTAS",Files/Žirmūnų/2017/10/10/47735363/2017-10-10.docx
"2017-12-22 14:35:41",A32-3050/17(2.1.15-S21),Žvėryno,"TERITORIJOS PATIKRINIMO AKTAS 2017 12 22","Files/Žvėryno/2017/12/22/48522760/2017 12 22 patikrinimo aktas.docx"
"2017-12-20 08:57:44",A32-2973/17(2.1.15-S21),Žvėryno,"Teritorijos patikrinimo aktas 2017-12-19","Files/Žvėryno/2017/12/20/48483470/2017 12 19 patikrinimo aktas.docx"
"2017-12-14 13:52:56",A32-2915/17(2.1.15-S21),Žvėryno,"TERITORIJOS PATIKRINIMO AKTAS  2017 12 14","Files/Žvėryno/2017/12/14/48426841/2017 12 14 patikrinimo aktas.docx"
"2017-12-01 14:25:01",A32-2819/17(2.1.15-S21),Žvėryno,"PATIKRINIMO AKTAS  2017 11 30","Files/Žvėryno/2017/12/01/48278764/2017 11 30 patikrinimo aktas.docx"
"2017-11-03 14:52:52",A32-2559/17(2.1.15-S21),Žvėryno,"TERITORIJOS PATIKRINIMO AKTAS  2017 11 03","Files/Žvėryno/2017/11/03/47981812/2017 11 03 patikrinimo aktas.docx"
"2017-10-18 13:20:29",A32-2419/17(2.1.15-S21),Žvėryno,"TERITORIJOS PATIKRINIMO AKTAS  2017 10 17","Files/Žvėryno/2017/10/18/47818223/2017 10 17.docx"
"2017-10-09 15:57:35",A32-2337/17(2.1.15-S21),Žvėryno,"PATIKRINIMO AKTAS  2017 10 06","Files/Žvėryno/2017/10/09/47721619/2017 10 06.docx"
